<?xml version="1.0" encoding="UTF-8"?>
<mxGraphModel dx="1389" dy="1587" grid="1" gridSize="10" guides="1" tooltips="1" connect="1" arrows="1" fold="1" page="1" pageScale="1" pageWidth="1169" pageHeight="827" background="#ffffff" math="0" shadow="0"><root><mxCell id="0"/><mxCell id="1" parent="0"/><mxCell id="2" value="VISITOR" style="rounded=0;whiteSpace=wrap;html=1;" vertex="1" parent="1"><mxGeometry x="584.5" y="660" width="86" height="30" as="geometry"/></mxCell><mxCell id="79" style="edgeStyle=none;rounded=0;html=1;entryX=0.5;entryY=1;startArrow=ERmany;startFill=0;endArrow=none;endFill=0;endSize=14;jettySize=auto;orthogonalLoop=1;startSize=14;" edge="1" parent="1" source="5" target="7"><mxGeometry relative="1" as="geometry"/></mxCell><mxCell id="5" value="DOCUMENTS" style="rounded=0;whiteSpace=wrap;html=1;" vertex="1" parent="1"><mxGeometry x="579.5" y="405" width="103" height="30" as="geometry"/></mxCell><mxCell id="6" value="REGISTERS" style="rhombus;whiteSpace=wrap;html=1;" vertex="1" parent="1"><mxGeometry x="577" y="510" width="103" height="65" as="geometry"/></mxCell><mxCell id="72" style="edgeStyle=none;rounded=0;html=1;entryX=0.5;entryY=1;startArrow=none;startFill=0;endArrow=none;endFill=0;jettySize=auto;orthogonalLoop=1;exitX=0.5;exitY=0;" edge="1" parent="1" source="7" target="8"><mxGeometry relative="1" as="geometry"/></mxCell><mxCell id="7" value="CHECK" style="rhombus;whiteSpace=wrap;html=1;" vertex="1" parent="1"><mxGeometry x="587" y="250" width="96" height="97" as="geometry"/></mxCell><mxCell id="73" style="edgeStyle=none;rounded=0;html=1;entryX=0.5;entryY=1;startArrow=ERoneToMany;startFill=0;endArrow=ERoneToMany;endFill=0;jettySize=auto;orthogonalLoop=1;endSize=14;startSize=14;" edge="1" parent="1" source="8" target="9"><mxGeometry relative="1" as="geometry"/></mxCell><mxCell id="8" value="CLIENT&lt;br&gt;(APPROVED)&lt;br&gt;" style="rounded=0;whiteSpace=wrap;html=1;" vertex="1" parent="1"><mxGeometry x="570.5" y="165" width="129" height="45" as="geometry"/></mxCell><mxCell id="74" style="edgeStyle=none;rounded=0;html=1;entryX=0.5;entryY=1;startArrow=ERone;startFill=0;endArrow=ERoneToMany;endFill=0;jettySize=auto;orthogonalLoop=1;startSize=14;endSize=14;" edge="1" parent="1" source="9" target="10"><mxGeometry relative="1" as="geometry"/></mxCell><mxCell id="9" value="RESERVES" style="rhombus;whiteSpace=wrap;html=1;" vertex="1" parent="1"><mxGeometry x="593" y="10" width="89" height="90" as="geometry"/></mxCell><mxCell id="75" style="edgeStyle=none;rounded=0;html=1;entryX=0.5;entryY=1;startArrow=ERoneToMany;startFill=0;endArrow=ERoneToMany;endFill=0;jettySize=auto;orthogonalLoop=1;startSize=14;endSize=14;" edge="1" parent="1" source="10" target="12"><mxGeometry relative="1" as="geometry"/></mxCell><mxCell id="10" value="CAR" style="rounded=0;whiteSpace=wrap;html=1;" vertex="1" parent="1"><mxGeometry x="580" y="-88" width="107" height="30" as="geometry"/></mxCell><mxCell id="55" style="edgeStyle=none;rounded=0;html=1;entryX=0;entryY=0;startArrow=none;startFill=0;endArrow=none;endFill=0;jettySize=auto;orthogonalLoop=1;" edge="1" parent="1" source="11" target="9"><mxGeometry relative="1" as="geometry"/></mxCell><mxCell id="11" value="ONLINE PAYMENT" style="ellipse;whiteSpace=wrap;html=1;" vertex="1" parent="1"><mxGeometry x="428" y="-3" width="130" height="55" as="geometry"/></mxCell><mxCell id="76" style="edgeStyle=none;rounded=0;html=1;entryX=0.5;entryY=1;startArrow=ERoneToMany;startFill=0;endArrow=ERoneToMany;endFill=0;jettySize=auto;orthogonalLoop=1;endSize=14;startSize=14;" edge="1" parent="1" source="12" target="29"><mxGeometry relative="1" as="geometry"/></mxCell><mxCell id="12" value="PICKS UP&lt;br&gt;AND USES&lt;br&gt;" style="rhombus;whiteSpace=wrap;html=1;" vertex="1" parent="1"><mxGeometry x="575" y="-263.5" width="120" height="110" as="geometry"/></mxCell><mxCell id="59" style="edgeStyle=none;rounded=0;html=1;exitX=1;exitY=0.5;entryX=0;entryY=0.5;startArrow=none;startFill=0;endArrow=none;endFill=0;jettySize=auto;orthogonalLoop=1;" edge="1" parent="1" source="15" target="10"><mxGeometry relative="1" as="geometry"/></mxCell><mxCell id="15" value="TECHNICAL&lt;br&gt;STATUS" style="ellipse;whiteSpace=wrap;html=1;" vertex="1" parent="1"><mxGeometry x="425.5" y="-105" width="130" height="65" as="geometry"/></mxCell><mxCell id="48" style="edgeStyle=none;rounded=0;html=1;entryX=0;entryY=0.5;startArrow=none;startFill=0;endArrow=none;endFill=0;jettySize=auto;orthogonalLoop=1;" edge="1" parent="1" source="16" target="6"><mxGeometry relative="1" as="geometry"/></mxCell><mxCell id="16" value="DOCUMENTS UPLOAD" style="ellipse;whiteSpace=wrap;html=1;" vertex="1" parent="1"><mxGeometry x="398.5" y="502.5" width="120" height="80" as="geometry"/></mxCell><mxCell id="54" style="edgeStyle=none;rounded=0;html=1;exitX=1;exitY=0.5;entryX=0;entryY=0.5;startArrow=none;startFill=0;endArrow=none;endFill=0;jettySize=auto;orthogonalLoop=1;" edge="1" parent="1" source="17" target="7"><mxGeometry relative="1" as="geometry"/></mxCell><mxCell id="17" value="HUMAN CHECK" style="ellipse;whiteSpace=wrap;html=1;" vertex="1" parent="1"><mxGeometry x="420" y="267.5" width="120" height="62" as="geometry"/></mxCell><mxCell id="53" style="edgeStyle=none;rounded=0;html=1;entryX=1;entryY=0.5;startArrow=none;startFill=0;endArrow=none;endFill=0;jettySize=auto;orthogonalLoop=1;" edge="1" parent="1" source="18" target="7"><mxGeometry relative="1" as="geometry"/></mxCell><mxCell id="18" value="ACCOUNT&lt;br&gt;APPROVAL" style="ellipse;whiteSpace=wrap;html=1;" vertex="1" parent="1"><mxGeometry x="730" y="267.5" width="120" height="62" as="geometry"/></mxCell><mxCell id="52" style="edgeStyle=none;rounded=0;html=1;exitX=0;exitY=0.5;startArrow=none;startFill=0;endArrow=none;endFill=0;jettySize=auto;orthogonalLoop=1;entryX=1;entryY=0.5;" edge="1" parent="1" source="19" target="5"><mxGeometry relative="1" as="geometry"><mxPoint x="690" y="419.66666666666674" as="targetPoint"/></mxGeometry></mxCell><mxCell id="19" value="DRIVING LICENSE" style="ellipse;whiteSpace=wrap;html=1;" vertex="1" parent="1"><mxGeometry x="730" y="395" width="140" height="50" as="geometry"/></mxCell><mxCell id="50" style="edgeStyle=none;rounded=0;html=1;entryX=0;entryY=0.25;startArrow=none;startFill=0;endArrow=none;endFill=0;jettySize=auto;orthogonalLoop=1;" edge="1" parent="1" source="20" target="5"><mxGeometry relative="1" as="geometry"/></mxCell><mxCell id="20" value="ID" style="ellipse;whiteSpace=wrap;html=1;" vertex="1" parent="1"><mxGeometry x="445" y="366.5" width="85" height="47" as="geometry"/></mxCell><mxCell id="51" style="edgeStyle=none;rounded=0;html=1;entryX=0;entryY=0.75;startArrow=none;startFill=0;endArrow=none;endFill=0;jettySize=auto;orthogonalLoop=1;" edge="1" parent="1" source="22" target="5"><mxGeometry relative="1" as="geometry"/></mxCell><mxCell id="22" value="CREDIT CARD" style="ellipse;whiteSpace=wrap;html=1;" vertex="1" parent="1"><mxGeometry x="435" y="420" width="105" height="45" as="geometry"/></mxCell><mxCell id="60" style="edgeStyle=none;rounded=0;html=1;entryX=1;entryY=0.5;startArrow=none;startFill=0;endArrow=none;endFill=0;jettySize=auto;orthogonalLoop=1;" edge="1" parent="1" source="23" target="10"><mxGeometry relative="1" as="geometry"/></mxCell><mxCell id="23" value="FLEET MANAGER" style="ellipse;whiteSpace=wrap;html=1;" vertex="1" parent="1"><mxGeometry x="730.5" y="-105" width="130" height="65" as="geometry"/></mxCell><mxCell id="57" style="edgeStyle=none;rounded=0;html=1;entryX=1;entryY=0;startArrow=none;startFill=0;endArrow=none;endFill=0;jettySize=auto;orthogonalLoop=1;" edge="1" parent="1" source="24" target="9"><mxGeometry relative="1" as="geometry"/></mxCell><mxCell id="24" value="CATEGORY" style="ellipse;whiteSpace=wrap;html=1;" vertex="1" parent="1"><mxGeometry x="733" y="3" width="120" height="49" as="geometry"/></mxCell><mxCell id="62" style="edgeStyle=none;rounded=0;html=1;entryX=1;entryY=0;startArrow=none;startFill=0;endArrow=none;endFill=0;jettySize=auto;orthogonalLoop=1;" edge="1" parent="1" source="25" target="12"><mxGeometry relative="1" as="geometry"/></mxCell><mxCell id="25" value="PICK UP LOCATION" style="ellipse;whiteSpace=wrap;html=1;" vertex="1" parent="1"><mxGeometry x="725.5" y="-235.5" width="130" height="65" as="geometry"/></mxCell><mxCell id="58" style="edgeStyle=none;rounded=0;html=1;entryX=1;entryY=1;startArrow=none;startFill=0;endArrow=none;endFill=0;jettySize=auto;orthogonalLoop=1;exitX=0;exitY=0;" edge="1" parent="1" source="26" target="9"><mxGeometry relative="1" as="geometry"><mxPoint x="726.7213276136185" y="81.8604929329531" as="sourcePoint"/></mxGeometry></mxCell><mxCell id="26" value="EXTRA SERVICES" style="ellipse;whiteSpace=wrap;html=1;" vertex="1" parent="1"><mxGeometry x="720" y="78.5" width="135" height="49" as="geometry"/></mxCell><mxCell id="61" style="edgeStyle=none;rounded=0;html=1;entryX=0;entryY=0;startArrow=none;startFill=0;endArrow=none;endFill=0;jettySize=auto;orthogonalLoop=1;" edge="1" parent="1" source="27" target="12"><mxGeometry relative="1" as="geometry"/></mxCell><mxCell id="27" value="PR CODE &lt;br&gt;ON MOBILE&lt;br&gt;TO IDENTIFY CLIENT&lt;br&gt;" style="ellipse;whiteSpace=wrap;html=1;" vertex="1" parent="1"><mxGeometry x="385.5" y="-248" width="160" height="79" as="geometry"/></mxCell><mxCell id="56" style="edgeStyle=none;rounded=0;html=1;entryX=0;entryY=1;startArrow=none;startFill=0;endArrow=none;endFill=0;jettySize=auto;orthogonalLoop=1;exitX=0.93;exitY=0.235;exitPerimeter=0;" edge="1" parent="1" source="28" target="9"><mxGeometry relative="1" as="geometry"><mxPoint x="559.405090478527" y="81.47375692865512" as="sourcePoint"/></mxGeometry></mxCell><mxCell id="28" value="CAUTION MONEY" style="ellipse;whiteSpace=wrap;html=1;" vertex="1" parent="1"><mxGeometry x="428" y="72.5" width="130" height="55" as="geometry"/></mxCell><mxCell id="77" style="edgeStyle=none;rounded=0;html=1;entryX=0.5;entryY=1;startArrow=ERoneToMany;startFill=0;endArrow=ERoneToMany;endFill=0;jettySize=auto;orthogonalLoop=1;endSize=14;startSize=14;" edge="1" parent="1" source="29" target="34"><mxGeometry relative="1" as="geometry"/></mxCell><mxCell id="29" value="SERVICE" style="rounded=0;whiteSpace=wrap;html=1;" vertex="1" parent="1"><mxGeometry x="580.5" y="-368" width="109" height="40" as="geometry"/></mxCell><mxCell id="65" style="edgeStyle=none;rounded=0;html=1;entryX=1;entryY=0.75;startArrow=none;startFill=0;endArrow=none;endFill=0;jettySize=auto;orthogonalLoop=1;" edge="1" parent="1" source="30" target="29"><mxGeometry relative="1" as="geometry"/></mxCell><mxCell id="30" value="ABORT BEFORE TIME" style="ellipse;whiteSpace=wrap;html=1;" vertex="1" parent="1"><mxGeometry x="735.5" y="-338" width="120" height="60" as="geometry"/></mxCell><mxCell id="63" style="edgeStyle=none;rounded=0;html=1;entryX=0;entryY=0.5;startArrow=none;startFill=0;endArrow=none;endFill=0;jettySize=auto;orthogonalLoop=1;" edge="1" parent="1" source="31" target="29"><mxGeometry relative="1" as="geometry"/></mxCell><mxCell id="31" value="ACCIDENT PROTOCOL" style="ellipse;whiteSpace=wrap;html=1;" vertex="1" parent="1"><mxGeometry x="393.5" y="-383" width="153" height="70" as="geometry"/></mxCell><mxCell id="64" style="edgeStyle=none;rounded=0;html=1;entryX=1;entryY=0.25;startArrow=none;startFill=0;endArrow=none;endFill=0;jettySize=auto;orthogonalLoop=1;" edge="1" parent="1" source="33" target="29"><mxGeometry relative="1" as="geometry"/></mxCell><mxCell id="33" value="PROLONGATION" style="ellipse;whiteSpace=wrap;html=1;" vertex="1" parent="1"><mxGeometry x="735.5" y="-408" width="120" height="60" as="geometry"/></mxCell><mxCell id="78" style="edgeStyle=none;rounded=0;html=1;entryX=0.5;entryY=1;startArrow=ERoneToMany;startFill=0;endArrow=ERoneToMany;endFill=0;jettySize=auto;orthogonalLoop=1;exitX=0.5;exitY=0;endSize=14;startSize=14;" edge="1" parent="1" source="34" target="35"><mxGeometry relative="1" as="geometry"/></mxCell><mxCell id="34" value="RETURNS" style="rhombus;whiteSpace=wrap;html=1;" vertex="1" parent="1"><mxGeometry x="588" y="-518" width="94" height="90" as="geometry"/></mxCell><mxCell id="35" value="CAR" style="rounded=0;whiteSpace=wrap;html=1;" vertex="1" parent="1"><mxGeometry x="574" y="-628" width="120" height="50" as="geometry"/></mxCell><mxCell id="69" style="edgeStyle=none;rounded=0;html=1;entryX=0;entryY=0.75;startArrow=none;startFill=0;endArrow=none;endFill=0;jettySize=auto;orthogonalLoop=1;" edge="1" parent="1" source="36" target="35"><mxGeometry relative="1" as="geometry"/></mxCell><mxCell id="36" value="CONDITION&lt;br&gt;CHECK" style="ellipse;whiteSpace=wrap;html=1;" vertex="1" parent="1"><mxGeometry x="409" y="-603" width="122" height="50" as="geometry"/></mxCell><mxCell id="67" style="edgeStyle=none;rounded=0;html=1;entryX=1;entryY=0.75;startArrow=none;startFill=0;endArrow=none;endFill=0;jettySize=auto;orthogonalLoop=1;" edge="1" parent="1" source="37" target="35"><mxGeometry relative="1" as="geometry"/></mxCell><mxCell id="37" value="EXTRA FEES&lt;br&gt;CHARGE" style="ellipse;whiteSpace=wrap;html=1;" vertex="1" parent="1"><mxGeometry x="745" y="-608" width="110" height="60" as="geometry"/></mxCell><mxCell id="68" style="edgeStyle=none;rounded=0;html=1;entryX=1;entryY=0.25;startArrow=none;startFill=0;endArrow=none;endFill=0;jettySize=auto;orthogonalLoop=1;" edge="1" parent="1" source="38" target="35"><mxGeometry relative="1" as="geometry"/></mxCell><mxCell id="38" value="RELEASE CAUTION MONEY" style="ellipse;whiteSpace=wrap;html=1;" vertex="1" parent="1"><mxGeometry x="727.5" y="-678" width="139" height="60" as="geometry"/></mxCell><mxCell id="39" value="" style="shape=flexArrow;endArrow=classic;html=1;fillColor=#ffffff;endWidth=81.33333333333333;endSize=17;" edge="1" parent="1"><mxGeometry width="50" height="50" relative="1" as="geometry"><mxPoint x="210" y="635" as="sourcePoint"/><mxPoint x="210" y="-655" as="targetPoint"/></mxGeometry></mxCell><mxCell id="70" style="edgeStyle=none;rounded=0;html=1;entryX=0;entryY=0.25;startArrow=none;startFill=0;endArrow=none;endFill=0;jettySize=auto;orthogonalLoop=1;" edge="1" parent="1" source="40" target="35"><mxGeometry relative="1" as="geometry"/></mxCell><mxCell id="40" value="AFTER SERVICE TASKS" style="ellipse;whiteSpace=wrap;html=1;" vertex="1" parent="1"><mxGeometry x="408.5" y="-678" width="132" height="60" as="geometry"/></mxCell><mxCell id="66" style="edgeStyle=none;rounded=0;html=1;entryX=0;entryY=0.5;startArrow=none;startFill=0;endArrow=none;endFill=0;jettySize=auto;orthogonalLoop=1;" edge="1" parent="1" source="41" target="34"><mxGeometry relative="1" as="geometry"/></mxCell><mxCell id="41" value="RETURN LOCATION" style="ellipse;whiteSpace=wrap;html=1;" vertex="1" parent="1"><mxGeometry x="398.5" y="-498" width="147" height="50" as="geometry"/></mxCell><mxCell id="42" value="Relation" style="endArrow=none;html=1;endSize=12;startArrow=ERzeroToMany;startSize=14;startFill=1;entryX=0.5;entryY=1;exitX=0.5;exitY=0;endFill=0;" edge="1" parent="1" source="2" target="6"><mxGeometry x="-0.9087" y="-9" relative="1" as="geometry"><mxPoint x="628" y="618" as="sourcePoint"/><mxPoint x="790" y="590" as="targetPoint"/><mxPoint y="-1" as="offset"/></mxGeometry></mxCell><mxCell id="43" value="0..n" style="resizable=0;html=1;align=left;verticalAlign=top;labelBackgroundColor=#ffffff;fontSize=10;" connectable="0" vertex="1" parent="42"><mxGeometry x="-1" relative="1" as="geometry"><mxPoint x="-5.5" y="-3" as="offset"/></mxGeometry></mxCell><mxCell id="44" value="1" style="resizable=0;html=1;align=right;verticalAlign=top;labelBackgroundColor=#ffffff;fontSize=10;" connectable="0" vertex="1" parent="42"><mxGeometry x="1" relative="1" as="geometry"/></mxCell><mxCell id="45" value="Relation" style="endArrow=ERmany;html=1;endSize=14;startArrow=ERone;startSize=14;startFill=0;entryX=0.5;entryY=1;exitX=0.5;exitY=0;endFill=0;" edge="1" parent="1" source="6" target="5"><mxGeometry x="0.0815" y="-1" relative="1" as="geometry"><mxPoint x="687.5" y="535.1666666666665" as="sourcePoint"/><mxPoint x="688.8333333333333" y="451.1666666666665" as="targetPoint"/><mxPoint as="offset"/></mxGeometry></mxCell><mxCell id="46" value="0..n" style="resizable=0;html=1;align=left;verticalAlign=top;labelBackgroundColor=#ffffff;fontSize=10;" connectable="0" vertex="1" parent="45"><mxGeometry x="-1" relative="1" as="geometry"><mxPoint x="-5.5" y="-3" as="offset"/></mxGeometry></mxCell><mxCell id="47" value="1" style="resizable=0;html=1;align=right;verticalAlign=top;labelBackgroundColor=#ffffff;fontSize=10;" connectable="0" vertex="1" parent="45"><mxGeometry x="1" relative="1" as="geometry"/></mxCell></root></mxGraphModel>