<?xml version="1.0" encoding="UTF-8"?>
<mxGraphModel dx="2595" dy="1542" grid="1" gridSize="10" guides="1" tooltips="1" connect="1" arrows="1" fold="1" page="1" pageScale="1" pageWidth="1169" pageHeight="827" background="#ffffff" math="0" shadow="0"><root><mxCell id="0"/><mxCell id="1" parent="0"/><mxCell id="2" value="Client_main" style="swimlane;fontStyle=0;childLayout=stackLayout;horizontal=1;startSize=28;fillColor=none;horizontalStack=0;resizeParent=1;resizeParentMax=0;resizeLast=0;collapsible=1;marginBottom=0;" parent="1" vertex="1"><mxGeometry x="40" y="44" width="200" height="210" as="geometry"/></mxCell><mxCell id="3" value="+ email-address (PKEY): string" style="text;strokeColor=none;fillColor=none;align=left;verticalAlign=top;spacingLeft=4;spacingRight=4;overflow=hidden;rotatable=0;points=[[0,0.5],[1,0.5]];portConstraint=eastwest;" parent="2" vertex="1"><mxGeometry y="28" width="200" height="26" as="geometry"/></mxCell><mxCell id="4" value="+ first_name: string" style="text;strokeColor=none;fillColor=none;align=left;verticalAlign=top;spacingLeft=4;spacingRight=4;overflow=hidden;rotatable=0;points=[[0,0.5],[1,0.5]];portConstraint=eastwest;" parent="2" vertex="1"><mxGeometry y="54" width="200" height="26" as="geometry"/></mxCell><mxCell id="5" value="+ last_name: string" style="text;strokeColor=none;fillColor=none;align=left;verticalAlign=top;spacingLeft=4;spacingRight=4;overflow=hidden;rotatable=0;points=[[0,0.5],[1,0.5]];portConstraint=eastwest;" parent="2" vertex="1"><mxGeometry y="80" width="200" height="26" as="geometry"/></mxCell><mxCell id="7" value="+ street_house_nr: string" style="text;strokeColor=none;fillColor=none;align=left;verticalAlign=top;spacingLeft=4;spacingRight=4;overflow=hidden;rotatable=0;points=[[0,0.5],[1,0.5]];portConstraint=eastwest;" parent="2" vertex="1"><mxGeometry y="106" width="200" height="26" as="geometry"/></mxCell><mxCell id="8" value="+ birthday: date" style="text;strokeColor=none;fillColor=none;align=left;verticalAlign=top;spacingLeft=4;spacingRight=4;overflow=hidden;rotatable=0;points=[[0,0.5],[1,0.5]];portConstraint=eastwest;" parent="2" vertex="1"><mxGeometry y="132" width="200" height="26" as="geometry"/></mxCell><mxCell id="9" value="+ sex: boolean" style="text;strokeColor=none;fillColor=none;align=left;verticalAlign=top;spacingLeft=4;spacingRight=4;overflow=hidden;rotatable=0;points=[[0,0.5],[1,0.5]];portConstraint=eastwest;" parent="2" vertex="1"><mxGeometry y="158" width="200" height="26" as="geometry"/></mxCell><mxCell id="iSiz59oviTbS1g_JcZ1m-142" value="+ zip (f_key)" style="text;strokeColor=none;fillColor=none;align=left;verticalAlign=top;spacingLeft=4;spacingRight=4;overflow=hidden;rotatable=0;points=[[0,0.5],[1,0.5]];portConstraint=eastwest;" vertex="1" parent="2"><mxGeometry y="184" width="200" height="26" as="geometry"/></mxCell><mxCell id="17" value="Client_ID_doc" style="swimlane;fontStyle=0;childLayout=stackLayout;horizontal=1;startSize=28;fillColor=none;horizontalStack=0;resizeParent=1;resizeParentMax=0;resizeLast=0;collapsible=1;marginBottom=0;" parent="1" vertex="1"><mxGeometry x="320" y="285" width="170" height="132" as="geometry"/></mxCell><mxCell id="18" value="+ uploaded: boolean" style="text;strokeColor=none;fillColor=none;align=left;verticalAlign=top;spacingLeft=4;spacingRight=4;overflow=hidden;rotatable=0;points=[[0,0.5],[1,0.5]];portConstraint=eastwest;" parent="17" vertex="1"><mxGeometry y="28" width="170" height="26" as="geometry"/></mxCell><mxCell id="19" value="+ checked: boolean" style="text;strokeColor=none;fillColor=none;align=left;verticalAlign=top;spacingLeft=4;spacingRight=4;overflow=hidden;rotatable=0;points=[[0,0.5],[1,0.5]];portConstraint=eastwest;" parent="17" vertex="1"><mxGeometry y="54" width="170" height="26" as="geometry"/></mxCell><mxCell id="21" value="+ client_key (FKEY): string" style="text;strokeColor=none;fillColor=none;align=left;verticalAlign=top;spacingLeft=4;spacingRight=4;overflow=hidden;rotatable=0;points=[[0,0.5],[1,0.5]];portConstraint=eastwest;" parent="17" vertex="1"><mxGeometry y="80" width="170" height="26" as="geometry"/></mxCell><mxCell id="22" value="+ ID_doc_key (PKEY): int" style="text;strokeColor=none;fillColor=none;align=left;verticalAlign=top;spacingLeft=4;spacingRight=4;overflow=hidden;rotatable=0;points=[[0,0.5],[1,0.5]];portConstraint=eastwest;" parent="17" vertex="1"><mxGeometry y="106" width="170" height="26" as="geometry"/></mxCell><mxCell id="23" value="Client_credit_card" style="swimlane;fontStyle=0;childLayout=stackLayout;horizontal=1;startSize=28;fillColor=none;horizontalStack=0;resizeParent=1;resizeParentMax=0;resizeLast=0;collapsible=1;marginBottom=0;" parent="1" vertex="1"><mxGeometry x="40" y="283" width="200" height="158" as="geometry"/></mxCell><mxCell id="24" value="+ card_number : int" style="text;strokeColor=none;fillColor=none;align=left;verticalAlign=top;spacingLeft=4;spacingRight=4;overflow=hidden;rotatable=0;points=[[0,0.5],[1,0.5]];portConstraint=eastwest;" parent="23" vertex="1"><mxGeometry y="28" width="200" height="26" as="geometry"/></mxCell><mxCell id="25" value="+ CCV : int" style="text;strokeColor=none;fillColor=none;align=left;verticalAlign=top;spacingLeft=4;spacingRight=4;overflow=hidden;rotatable=0;points=[[0,0.5],[1,0.5]];portConstraint=eastwest;" parent="23" vertex="1"><mxGeometry y="54" width="200" height="26" as="geometry"/></mxCell><mxCell id="28" value="+ expiry_date : date" style="text;strokeColor=none;fillColor=none;align=left;verticalAlign=top;spacingLeft=4;spacingRight=4;overflow=hidden;rotatable=0;points=[[0,0.5],[1,0.5]];portConstraint=eastwest;" parent="23" vertex="1"><mxGeometry y="80" width="200" height="26" as="geometry"/></mxCell><mxCell id="iSiz59oviTbS1g_JcZ1m-128" value="+ name_on_card : string" style="text;strokeColor=none;fillColor=none;align=left;verticalAlign=top;spacingLeft=4;spacingRight=4;overflow=hidden;rotatable=0;points=[[0,0.5],[1,0.5]];portConstraint=eastwest;" vertex="1" parent="23"><mxGeometry y="106" width="200" height="26" as="geometry"/></mxCell><mxCell id="27" value="+ client_email (FKEY): string" style="text;strokeColor=none;fillColor=none;align=left;verticalAlign=top;spacingLeft=4;spacingRight=4;overflow=hidden;rotatable=0;points=[[0,0.5],[1,0.5]];portConstraint=eastwest;" parent="23" vertex="1"><mxGeometry y="132" width="200" height="26" as="geometry"/></mxCell><mxCell id="29" value="Client_referent" style="swimlane;fontStyle=0;childLayout=stackLayout;horizontal=1;startSize=28;fillColor=none;horizontalStack=0;resizeParent=1;resizeParentMax=0;resizeLast=0;collapsible=1;marginBottom=0;" parent="1" vertex="1"><mxGeometry x="600" y="45" width="170" height="210" as="geometry"/></mxCell><mxCell id="30" value="+ referent_ID (PKEY): int" style="text;strokeColor=none;fillColor=none;align=left;verticalAlign=top;spacingLeft=4;spacingRight=4;overflow=hidden;rotatable=0;points=[[0,0.5],[1,0.5]];portConstraint=eastwest;" parent="29" vertex="1"><mxGeometry y="28" width="170" height="26" as="geometry"/></mxCell><mxCell id="31" value="+ client_key (FKEY): string" style="text;strokeColor=none;fillColor=none;align=left;verticalAlign=top;spacingLeft=4;spacingRight=4;overflow=hidden;rotatable=0;points=[[0,0.5],[1,0.5]];portConstraint=eastwest;" parent="29" vertex="1"><mxGeometry y="54" width="170" height="26" as="geometry"/></mxCell><mxCell id="104" value="+ ZIP_key (FKEY): string" style="text;strokeColor=none;fillColor=none;align=left;verticalAlign=top;spacingLeft=4;spacingRight=4;overflow=hidden;rotatable=0;points=[[0,0.5],[1,0.5]];portConstraint=eastwest;" parent="29" vertex="1"><mxGeometry y="80" width="170" height="26" as="geometry"/></mxCell><mxCell id="32" value="+ first_name: string" style="text;strokeColor=none;fillColor=none;align=left;verticalAlign=top;spacingLeft=4;spacingRight=4;overflow=hidden;rotatable=0;points=[[0,0.5],[1,0.5]];portConstraint=eastwest;" parent="29" vertex="1"><mxGeometry y="106" width="170" height="26" as="geometry"/></mxCell><mxCell id="33" value="+ last_name: string" style="text;strokeColor=none;fillColor=none;align=left;verticalAlign=top;spacingLeft=4;spacingRight=4;overflow=hidden;rotatable=0;points=[[0,0.5],[1,0.5]];portConstraint=eastwest;" parent="29" vertex="1"><mxGeometry y="132" width="170" height="26" as="geometry"/></mxCell><mxCell id="34" value="+ street: string" style="text;strokeColor=none;fillColor=none;align=left;verticalAlign=top;spacingLeft=4;spacingRight=4;overflow=hidden;rotatable=0;points=[[0,0.5],[1,0.5]];portConstraint=eastwest;" parent="29" vertex="1"><mxGeometry y="158" width="170" height="26" as="geometry"/></mxCell><mxCell id="37" value="+ birthday : date" style="text;strokeColor=none;fillColor=none;align=left;verticalAlign=top;spacingLeft=4;spacingRight=4;overflow=hidden;rotatable=0;points=[[0,0.5],[1,0.5]];portConstraint=eastwest;" parent="29" vertex="1"><mxGeometry y="184" width="170" height="26" as="geometry"/></mxCell><mxCell id="38" value="Reservation" style="swimlane;fontStyle=0;childLayout=stackLayout;horizontal=1;startSize=28;fillColor=none;horizontalStack=0;resizeParent=1;resizeParentMax=0;resizeLast=0;collapsible=1;marginBottom=0;" parent="1" vertex="1"><mxGeometry x="600" y="305" width="180" height="158" as="geometry"/></mxCell><mxCell id="39" value="+ reservation_ID (PKEY): int" style="text;strokeColor=none;fillColor=none;align=left;verticalAlign=top;spacingLeft=4;spacingRight=4;overflow=hidden;rotatable=0;points=[[0,0.5],[1,0.5]];portConstraint=eastwest;" parent="38" vertex="1"><mxGeometry y="28" width="180" height="26" as="geometry"/></mxCell><mxCell id="40" value="+ client_key (FKEY): string" style="text;strokeColor=none;fillColor=none;align=left;verticalAlign=top;spacingLeft=4;spacingRight=4;overflow=hidden;rotatable=0;points=[[0,0.5],[1,0.5]];portConstraint=eastwest;" parent="38" vertex="1"><mxGeometry y="54" width="180" height="26" as="geometry"/></mxCell><mxCell id="46" value="+ pick_up_datetime : datetime" style="text;strokeColor=none;fillColor=none;align=left;verticalAlign=top;spacingLeft=4;spacingRight=4;overflow=hidden;rotatable=0;points=[[0,0.5],[1,0.5]];portConstraint=eastwest;" parent="38" vertex="1"><mxGeometry y="80" width="180" height="26" as="geometry"/></mxCell><mxCell id="47" value="+ return_datetime : datetime" style="text;strokeColor=none;fillColor=none;align=left;verticalAlign=top;spacingLeft=4;spacingRight=4;overflow=hidden;rotatable=0;points=[[0,0.5],[1,0.5]];portConstraint=eastwest;" parent="38" vertex="1"><mxGeometry y="106" width="180" height="26" as="geometry"/></mxCell><mxCell id="106" value="+ reserved_datetime : datetime" style="text;strokeColor=none;fillColor=none;align=left;verticalAlign=top;spacingLeft=4;spacingRight=4;overflow=hidden;rotatable=0;points=[[0,0.5],[1,0.5]];portConstraint=eastwest;" parent="38" vertex="1"><mxGeometry y="132" width="180" height="26" as="geometry"/></mxCell><mxCell id="57" value="Car" style="swimlane;fontStyle=0;childLayout=stackLayout;horizontal=1;startSize=28;fillColor=none;horizontalStack=0;resizeParent=1;resizeParentMax=0;resizeLast=0;collapsible=1;marginBottom=0;" parent="1" vertex="1"><mxGeometry x="870" y="45" width="180" height="210" as="geometry"/></mxCell><mxCell id="58" value="+ number_plate_id : string" style="text;strokeColor=none;fillColor=none;align=left;verticalAlign=top;spacingLeft=4;spacingRight=4;overflow=hidden;rotatable=0;points=[[0,0.5],[1,0.5]];portConstraint=eastwest;" parent="57" vertex="1"><mxGeometry y="28" width="180" height="26" as="geometry"/></mxCell><mxCell id="59" value="+ reservation_ID (FKEY) : int&#10;&#10;" style="text;strokeColor=none;fillColor=none;align=left;verticalAlign=top;spacingLeft=4;spacingRight=4;overflow=hidden;rotatable=0;points=[[0,0.5],[1,0.5]];portConstraint=eastwest;" parent="57" vertex="1"><mxGeometry y="54" width="180" height="26" as="geometry"/></mxCell><mxCell id="61" value="+ fleet_manager: string" style="text;strokeColor=none;fillColor=none;align=left;verticalAlign=top;spacingLeft=4;spacingRight=4;overflow=hidden;rotatable=0;points=[[0,0.5],[1,0.5]];portConstraint=eastwest;" parent="57" vertex="1"><mxGeometry y="80" width="180" height="26" as="geometry"/></mxCell><mxCell id="63" value="+ car_type (f_key): int" style="text;strokeColor=none;fillColor=none;align=left;verticalAlign=top;spacingLeft=4;spacingRight=4;overflow=hidden;rotatable=0;points=[[0,0.5],[1,0.5]];portConstraint=eastwest;" parent="57" vertex="1"><mxGeometry y="106" width="180" height="26" as="geometry"/></mxCell><mxCell id="74" value="+ color_ID (FKEY): int" style="text;strokeColor=none;fillColor=none;align=left;verticalAlign=top;spacingLeft=4;spacingRight=4;overflow=hidden;rotatable=0;points=[[0,0.5],[1,0.5]];portConstraint=eastwest;" parent="57" vertex="1"><mxGeometry y="132" width="180" height="26" as="geometry"/></mxCell><mxCell id="79" value="+ year_of_production : year" style="text;strokeColor=none;fillColor=none;align=left;verticalAlign=top;spacingLeft=4;spacingRight=4;overflow=hidden;rotatable=0;points=[[0,0.5],[1,0.5]];portConstraint=eastwest;" parent="57" vertex="1"><mxGeometry y="158" width="180" height="26" as="geometry"/></mxCell><mxCell id="82" value="+ available : boolean&#10;&#10;" style="text;strokeColor=none;fillColor=none;align=left;verticalAlign=top;spacingLeft=4;spacingRight=4;overflow=hidden;rotatable=0;points=[[0,0.5],[1,0.5]];portConstraint=eastwest;" parent="57" vertex="1"><mxGeometry y="184" width="180" height="26" as="geometry"/></mxCell><mxCell id="71" value="Model" style="swimlane;fontStyle=0;childLayout=stackLayout;horizontal=1;startSize=28;fillColor=none;horizontalStack=0;resizeParent=1;resizeParentMax=0;resizeLast=0;collapsible=1;marginBottom=0;" parent="1" vertex="1"><mxGeometry x="600" y="661" width="180" height="80" as="geometry"/></mxCell><mxCell id="73" value="+ model : string" style="text;strokeColor=none;fillColor=none;align=left;verticalAlign=top;spacingLeft=4;spacingRight=4;overflow=hidden;rotatable=0;points=[[0,0.5],[1,0.5]];portConstraint=eastwest;" parent="71" vertex="1"><mxGeometry y="28" width="180" height="26" as="geometry"/></mxCell><mxCell id="72" value="+ model_ID (PKEY): int" style="text;strokeColor=none;fillColor=none;align=left;verticalAlign=top;spacingLeft=4;spacingRight=4;overflow=hidden;rotatable=0;points=[[0,0.5],[1,0.5]];portConstraint=eastwest;" parent="71" vertex="1"><mxGeometry y="54" width="180" height="26" as="geometry"/></mxCell><mxCell id="84" value="Locations" style="swimlane;fontStyle=0;childLayout=stackLayout;horizontal=1;startSize=28;fillColor=none;horizontalStack=0;resizeParent=1;resizeParentMax=0;resizeLast=0;collapsible=1;marginBottom=0;" parent="1" vertex="1"><mxGeometry x="320" y="470" width="170" height="132" as="geometry"/></mxCell><mxCell id="85" value="+ location_ID : int" style="text;strokeColor=none;fillColor=none;align=left;verticalAlign=top;spacingLeft=4;spacingRight=4;overflow=hidden;rotatable=0;points=[[0,0.5],[1,0.5]];portConstraint=eastwest;" parent="84" vertex="1"><mxGeometry y="28" width="170" height="26" as="geometry"/></mxCell><mxCell id="87" value="+ street: string" style="text;strokeColor=none;fillColor=none;align=left;verticalAlign=top;spacingLeft=4;spacingRight=4;overflow=hidden;rotatable=0;points=[[0,0.5],[1,0.5]];portConstraint=eastwest;" parent="84" vertex="1"><mxGeometry y="54" width="170" height="26" as="geometry"/></mxCell><mxCell id="105" value="+ only_for_return : boolean" style="text;strokeColor=none;fillColor=none;align=left;verticalAlign=top;spacingLeft=4;spacingRight=4;overflow=hidden;rotatable=0;points=[[0,0.5],[1,0.5]];portConstraint=eastwest;" parent="84" vertex="1"><mxGeometry y="80" width="170" height="26" as="geometry"/></mxCell><mxCell id="iSiz59oviTbS1g_JcZ1m-141" value="+ zip (f_key)" style="text;strokeColor=none;fillColor=none;align=left;verticalAlign=top;spacingLeft=4;spacingRight=4;overflow=hidden;rotatable=0;points=[[0,0.5],[1,0.5]];portConstraint=eastwest;" vertex="1" parent="84"><mxGeometry y="106" width="170" height="26" as="geometry"/></mxCell><mxCell id="112" value="Client_dLicense_doc" style="swimlane;fontStyle=0;childLayout=stackLayout;horizontal=1;startSize=28;fillColor=none;horizontalStack=0;resizeParent=1;resizeParentMax=0;resizeLast=0;collapsible=1;marginBottom=0;" parent="1" vertex="1"><mxGeometry x="45" y="470" width="195" height="132" as="geometry"/></mxCell><mxCell id="113" value="+  image_link: street" style="text;strokeColor=none;fillColor=none;align=left;verticalAlign=top;spacingLeft=4;spacingRight=4;overflow=hidden;rotatable=0;points=[[0,0.5],[1,0.5]];portConstraint=eastwest;" parent="112" vertex="1"><mxGeometry y="28" width="195" height="26" as="geometry"/></mxCell><mxCell id="114" value="+ checked: boolean" style="text;strokeColor=none;fillColor=none;align=left;verticalAlign=top;spacingLeft=4;spacingRight=4;overflow=hidden;rotatable=0;points=[[0,0.5],[1,0.5]];portConstraint=eastwest;" parent="112" vertex="1"><mxGeometry y="54" width="195" height="26" as="geometry"/></mxCell><mxCell id="115" value="+ client_key (FKEY): string" style="text;strokeColor=none;fillColor=none;align=left;verticalAlign=top;spacingLeft=4;spacingRight=4;overflow=hidden;rotatable=0;points=[[0,0.5],[1,0.5]];portConstraint=eastwest;" parent="112" vertex="1"><mxGeometry y="80" width="195" height="26" as="geometry"/></mxCell><mxCell id="116" value="+ dLicense_doc_key (PKEY): int" style="text;strokeColor=none;fillColor=none;align=left;verticalAlign=top;spacingLeft=4;spacingRight=4;overflow=hidden;rotatable=0;points=[[0,0.5],[1,0.5]];portConstraint=eastwest;" parent="112" vertex="1"><mxGeometry y="106" width="195" height="26" as="geometry"/></mxCell><mxCell id="118" value="" style="endArrow=ERmany;html=1;entryX=0;entryY=0.5;exitX=1;exitY=0.5;strokeColor=#000000;edgeStyle=orthogonalEdgeStyle;startArrow=ERoneToMany;startFill=0;startSize=14;endSize=14;endFill=0;" parent="1" source="85" target="39" edge="1"><mxGeometry width="50" height="50" relative="1" as="geometry"><mxPoint x="600" y="163" as="sourcePoint"/><mxPoint x="490" y="138" as="targetPoint"/><Array as="points"><mxPoint x="540" y="511"/><mxPoint x="540" y="450"/><mxPoint x="570" y="450"/><mxPoint x="570" y="346"/></Array></mxGeometry></mxCell><mxCell id="119" value="" style="endArrow=ERone;html=1;exitX=0;exitY=0.5;strokeColor=#000000;edgeStyle=orthogonalEdgeStyle;startArrow=ERoneToMany;startFill=0;startSize=14;endSize=14;endFill=0;" parent="1" source="104" edge="1"><mxGeometry width="50" height="50" relative="1" as="geometry"><mxPoint x="580" y="310" as="sourcePoint"/><mxPoint x="-160" y="270" as="targetPoint"/><Array as="points"><mxPoint x="530" y="138"/><mxPoint x="530" y="10"/><mxPoint x="-90" y="10"/><mxPoint x="-90" y="270"/></Array></mxGeometry></mxCell><mxCell id="120" value="" style="endArrow=ERoneToMany;html=1;entryX=0;entryY=0.5;exitX=0;exitY=0.5;strokeColor=#000000;edgeStyle=orthogonalEdgeStyle;startArrow=ERoneToMany;startFill=0;startSize=14;endSize=14;endFill=0;" parent="1" source="31" target="3" edge="1"><mxGeometry width="50" height="50" relative="1" as="geometry"><mxPoint x="570" y="26" as="sourcePoint"/><mxPoint x="460" y="-26" as="targetPoint"/><Array as="points"><mxPoint x="570" y="112"/><mxPoint x="570" y="26"/><mxPoint x="20" y="26"/><mxPoint x="20" y="85"/></Array></mxGeometry></mxCell><mxCell id="121" value="" style="endArrow=ERoneToMany;html=1;entryX=0;entryY=0.5;strokeColor=#000000;edgeStyle=orthogonalEdgeStyle;startArrow=ERoneToMany;startFill=0;startSize=14;endSize=14;endFill=0;exitX=0;exitY=0.5;" parent="1" source="40" target="3" edge="1"><mxGeometry width="50" height="50" relative="1" as="geometry"><mxPoint x="590" y="360" as="sourcePoint"/><mxPoint x="50" y="357" as="targetPoint"/><Array as="points"><mxPoint x="550" y="372"/><mxPoint x="550" y="270"/><mxPoint x="20" y="270"/><mxPoint x="20" y="85"/></Array></mxGeometry></mxCell><mxCell id="122" value="" style="endArrow=ERoneToMany;html=1;entryX=1;entryY=0.5;exitX=0;exitY=0.5;strokeColor=#000000;edgeStyle=orthogonalEdgeStyle;startArrow=ERoneToMany;startFill=0;startSize=14;endSize=14;endFill=0;" parent="1" source="59" target="39" edge="1"><mxGeometry width="50" height="50" relative="1" as="geometry"><mxPoint x="850" y="270" as="sourcePoint"/><mxPoint x="770" y="243" as="targetPoint"/><Array as="points"><mxPoint x="820" y="112"/><mxPoint x="820" y="346"/></Array></mxGeometry></mxCell><mxCell id="124" value="" style="endArrow=ERmandOne;html=1;entryX=1;entryY=0.5;strokeColor=#000000;edgeStyle=orthogonalEdgeStyle;startArrow=ERoneToMany;startFill=0;startSize=14;endSize=14;endFill=0;" parent="1" target="72" edge="1"><mxGeometry width="50" height="50" relative="1" as="geometry"><mxPoint x="870" y="216" as="sourcePoint"/><mxPoint x="780" y="636" as="targetPoint"/><Array as="points"><mxPoint x="840" y="216"/><mxPoint x="840" y="728"/></Array></mxGeometry></mxCell><mxCell id="126" value="" style="endArrow=ERmandOne;html=1;entryX=1;entryY=0.5;exitX=0;exitY=0.5;strokeColor=#000000;edgeStyle=orthogonalEdgeStyle;startArrow=ERoneToMany;startFill=0;startSize=14;endSize=14;endFill=0;" parent="1" source="21" target="4" edge="1"><mxGeometry width="50" height="50" relative="1" as="geometry"><mxPoint x="340" y="175.5" as="sourcePoint"/><mxPoint x="260" y="148.5" as="targetPoint"/><Array as="points"><mxPoint x="280" y="378"/><mxPoint x="280" y="111"/></Array></mxGeometry></mxCell><mxCell id="127" value="" style="endArrow=ERmandOne;html=1;entryX=1;entryY=0.5;exitX=1;exitY=0.5;strokeColor=#000000;edgeStyle=orthogonalEdgeStyle;startArrow=ERoneToMany;startFill=0;startSize=14;endSize=14;endFill=0;" parent="1" source="27" edge="1"><mxGeometry width="50" height="50" relative="1" as="geometry"><mxPoint x="320" y="430" as="sourcePoint"/><mxPoint x="240" y="163" as="targetPoint"/><Array as="points"><mxPoint x="270" y="428"/><mxPoint x="270" y="163"/></Array></mxGeometry></mxCell><mxCell id="iSiz59oviTbS1g_JcZ1m-127" value="" style="endArrow=ERone;html=1;exitX=0;exitY=0.5;strokeColor=#000000;edgeStyle=orthogonalEdgeStyle;startArrow=ERoneToMany;startFill=0;startSize=14;endSize=14;endFill=0;" edge="1" parent="1" source="114"><mxGeometry width="50" height="50" relative="1" as="geometry"><mxPoint x="-100" y="387.5" as="sourcePoint"/><mxPoint x="40" y="120" as="targetPoint"/><Array as="points"><mxPoint x="-20" y="537"/><mxPoint x="-20" y="120"/></Array></mxGeometry></mxCell><mxCell id="iSiz59oviTbS1g_JcZ1m-129" value="car_types" style="swimlane;fontStyle=0;childLayout=stackLayout;horizontal=1;startSize=28;fillColor=none;horizontalStack=0;resizeParent=1;resizeParentMax=0;resizeLast=0;collapsible=1;marginBottom=0;" vertex="1" parent="1"><mxGeometry x="1200" y="44" width="200" height="262" as="geometry"/></mxCell><mxCell id="iSiz59oviTbS1g_JcZ1m-130" value="+ car_type_id : int" style="text;strokeColor=none;fillColor=none;align=left;verticalAlign=top;spacingLeft=4;spacingRight=4;overflow=hidden;rotatable=0;points=[[0,0.5],[1,0.5]];portConstraint=eastwest;" vertex="1" parent="iSiz59oviTbS1g_JcZ1m-129"><mxGeometry y="28" width="200" height="26" as="geometry"/></mxCell><mxCell id="iSiz59oviTbS1g_JcZ1m-131" value="+ manuacturer: string" style="text;strokeColor=none;fillColor=none;align=left;verticalAlign=top;spacingLeft=4;spacingRight=4;overflow=hidden;rotatable=0;points=[[0,0.5],[1,0.5]];portConstraint=eastwest;" vertex="1" parent="iSiz59oviTbS1g_JcZ1m-129"><mxGeometry y="54" width="200" height="26" as="geometry"/></mxCell><mxCell id="iSiz59oviTbS1g_JcZ1m-132" value="+ model: string" style="text;strokeColor=none;fillColor=none;align=left;verticalAlign=top;spacingLeft=4;spacingRight=4;overflow=hidden;rotatable=0;points=[[0,0.5],[1,0.5]];portConstraint=eastwest;" vertex="1" parent="iSiz59oviTbS1g_JcZ1m-129"><mxGeometry y="80" width="200" height="26" as="geometry"/></mxCell><mxCell id="iSiz59oviTbS1g_JcZ1m-133" value="+ cabrio: boolean" style="text;strokeColor=none;fillColor=none;align=left;verticalAlign=top;spacingLeft=4;spacingRight=4;overflow=hidden;rotatable=0;points=[[0,0.5],[1,0.5]];portConstraint=eastwest;" vertex="1" parent="iSiz59oviTbS1g_JcZ1m-129"><mxGeometry y="106" width="200" height="26" as="geometry"/></mxCell><mxCell id="iSiz59oviTbS1g_JcZ1m-134" value="+ number_of_doors : int" style="text;strokeColor=none;fillColor=none;align=left;verticalAlign=top;spacingLeft=4;spacingRight=4;overflow=hidden;rotatable=0;points=[[0,0.5],[1,0.5]];portConstraint=eastwest;" vertex="1" parent="iSiz59oviTbS1g_JcZ1m-129"><mxGeometry y="132" width="200" height="26" as="geometry"/></mxCell><mxCell id="iSiz59oviTbS1g_JcZ1m-135" value="+ number_of_passengers: int" style="text;strokeColor=none;fillColor=none;align=left;verticalAlign=top;spacingLeft=4;spacingRight=4;overflow=hidden;rotatable=0;points=[[0,0.5],[1,0.5]];portConstraint=eastwest;" vertex="1" parent="iSiz59oviTbS1g_JcZ1m-129"><mxGeometry y="158" width="200" height="26" as="geometry"/></mxCell><mxCell id="iSiz59oviTbS1g_JcZ1m-136" value="+ weight : int" style="text;strokeColor=none;fillColor=none;align=left;verticalAlign=top;spacingLeft=4;spacingRight=4;overflow=hidden;rotatable=0;points=[[0,0.5],[1,0.5]];portConstraint=eastwest;" vertex="1" parent="iSiz59oviTbS1g_JcZ1m-129"><mxGeometry y="184" width="200" height="26" as="geometry"/></mxCell><mxCell id="iSiz59oviTbS1g_JcZ1m-137" value="+ manual_transmission : boolean" style="text;strokeColor=none;fillColor=none;align=left;verticalAlign=top;spacingLeft=4;spacingRight=4;overflow=hidden;rotatable=0;points=[[0,0.5],[1,0.5]];portConstraint=eastwest;" vertex="1" parent="iSiz59oviTbS1g_JcZ1m-129"><mxGeometry y="210" width="200" height="26" as="geometry"/></mxCell><mxCell id="iSiz59oviTbS1g_JcZ1m-138" value="+ horsepower : int" style="text;strokeColor=none;fillColor=none;align=left;verticalAlign=top;spacingLeft=4;spacingRight=4;overflow=hidden;rotatable=0;points=[[0,0.5],[1,0.5]];portConstraint=eastwest;" vertex="1" parent="iSiz59oviTbS1g_JcZ1m-129"><mxGeometry y="236" width="200" height="26" as="geometry"/></mxCell><mxCell id="iSiz59oviTbS1g_JcZ1m-140" value="" style="endArrow=ERone;html=1;strokeColor=#000000;edgeStyle=orthogonalEdgeStyle;startArrow=ERoneToMany;startFill=0;startSize=14;endSize=14;endFill=0;" edge="1" parent="1"><mxGeometry width="50" height="50" relative="1" as="geometry"><mxPoint x="1050" y="167" as="sourcePoint"/><mxPoint x="1200" y="80" as="targetPoint"/><Array as="points"><mxPoint x="1130" y="167"/><mxPoint x="1130" y="80"/><mxPoint x="1200" y="80"/></Array></mxGeometry></mxCell><mxCell id="iSiz59oviTbS1g_JcZ1m-143" value="cities" style="swimlane;fontStyle=0;childLayout=stackLayout;horizontal=1;startSize=28;fillColor=none;horizontalStack=0;resizeParent=1;resizeParentMax=0;resizeLast=0;collapsible=1;marginBottom=0;" vertex="1" parent="1"><mxGeometry x="-330" y="229" width="170" height="106" as="geometry"/></mxCell><mxCell id="iSiz59oviTbS1g_JcZ1m-144" value="+ zip (id) : string" style="text;strokeColor=none;fillColor=none;align=left;verticalAlign=top;spacingLeft=4;spacingRight=4;overflow=hidden;rotatable=0;points=[[0,0.5],[1,0.5]];portConstraint=eastwest;" vertex="1" parent="iSiz59oviTbS1g_JcZ1m-143"><mxGeometry y="28" width="170" height="26" as="geometry"/></mxCell><mxCell id="iSiz59oviTbS1g_JcZ1m-145" value="+ city: string" style="text;strokeColor=none;fillColor=none;align=left;verticalAlign=top;spacingLeft=4;spacingRight=4;overflow=hidden;rotatable=0;points=[[0,0.5],[1,0.5]];portConstraint=eastwest;" vertex="1" parent="iSiz59oviTbS1g_JcZ1m-143"><mxGeometry y="54" width="170" height="26" as="geometry"/></mxCell><mxCell id="iSiz59oviTbS1g_JcZ1m-146" value="+ country : string" style="text;strokeColor=none;fillColor=none;align=left;verticalAlign=top;spacingLeft=4;spacingRight=4;overflow=hidden;rotatable=0;points=[[0,0.5],[1,0.5]];portConstraint=eastwest;" vertex="1" parent="iSiz59oviTbS1g_JcZ1m-143"><mxGeometry y="80" width="170" height="26" as="geometry"/></mxCell><mxCell id="iSiz59oviTbS1g_JcZ1m-148" value="" style="endArrow=ERmandOne;html=1;entryX=1;entryY=0.5;exitX=0;exitY=0.5;strokeColor=#000000;edgeStyle=orthogonalEdgeStyle;startArrow=ERoneToMany;startFill=0;startSize=14;endSize=14;endFill=0;" edge="1" parent="1" source="iSiz59oviTbS1g_JcZ1m-142" target="iSiz59oviTbS1g_JcZ1m-144"><mxGeometry width="50" height="50" relative="1" as="geometry"><mxPoint x="-30" y="296" as="sourcePoint"/><mxPoint x="-140" y="244" as="targetPoint"/></mxGeometry></mxCell><mxCell id="iSiz59oviTbS1g_JcZ1m-149" value="" style="endArrow=ERmandOne;html=1;exitX=0;exitY=0.5;strokeColor=#000000;edgeStyle=orthogonalEdgeStyle;startArrow=ERoneToMany;startFill=0;startSize=14;endSize=14;endFill=0;entryX=0;entryY=0.5;" edge="1" parent="1" source="iSiz59oviTbS1g_JcZ1m-141" target="iSiz59oviTbS1g_JcZ1m-144"><mxGeometry width="50" height="50" relative="1" as="geometry"><mxPoint x="120" y="699" as="sourcePoint"/><mxPoint x="-380" y="260" as="targetPoint"/><Array as="points"><mxPoint x="280" y="589"/><mxPoint x="280" y="640"/><mxPoint x="-370" y="640"/><mxPoint x="-370" y="270"/></Array></mxGeometry></mxCell></root></mxGraphModel>