<?xml version="1.0" encoding="UTF-8"?>
<mxGraphModel dx="1389" dy="760" grid="1" gridSize="10" guides="1" tooltips="1" connect="1" arrows="1" fold="1" page="1" pageScale="1" pageWidth="1169" pageHeight="827" background="#ffffff" math="0" shadow="0"><root><mxCell id="0"/><mxCell id="1" parent="0"/><mxCell id="2" value="" style="shape=actor;whiteSpace=wrap;html=1;" vertex="1" parent="1"><mxGeometry x="629.5" y="580" width="90" height="110" as="geometry"/></mxCell><mxCell id="3" value="REGISTRATION" style="ellipse;shape=cloud;whiteSpace=wrap;html=1;" vertex="1" parent="1"><mxGeometry x="260" y="622.5" width="155" height="80" as="geometry"/></mxCell><mxCell id="4" value="CLIENT" style="ellipse;shape=cloud;whiteSpace=wrap;html=1;" vertex="1" parent="1"><mxGeometry x="235" y="545" width="130" height="70" as="geometry"/></mxCell><mxCell id="5" value="DOCUMENTS&lt;br&gt;UPLOAD / CHECK&lt;br&gt;" style="ellipse;shape=cloud;whiteSpace=wrap;html=1;" vertex="1" parent="1"><mxGeometry x="300" y="440" width="180" height="114" as="geometry"/></mxCell><mxCell id="6" value="CAR&lt;br&gt;" style="ellipse;shape=cloud;whiteSpace=wrap;html=1;" vertex="1" parent="1"><mxGeometry x="549.5" y="300" width="160" height="100" as="geometry"/></mxCell><mxCell id="7" value="TAKE UP &lt;br&gt;LOCATIONS&lt;br&gt;" style="ellipse;shape=cloud;whiteSpace=wrap;html=1;" vertex="1" parent="1"><mxGeometry x="920" y="480" width="160" height="100" as="geometry"/></mxCell><mxCell id="8" value="RETURN&amp;nbsp;&lt;br&gt;LOCATIONS&lt;br&gt;" style="ellipse;shape=cloud;whiteSpace=wrap;html=1;" vertex="1" parent="1"><mxGeometry x="960" y="580" width="160" height="100" as="geometry"/></mxCell><mxCell id="9" value="CAR &lt;br&gt;CATEGORIES" style="ellipse;shape=cloud;whiteSpace=wrap;html=1;" vertex="1" parent="1"><mxGeometry x="424.5" y="363.5" width="160" height="100" as="geometry"/></mxCell><mxCell id="10" value="ONLINE PAYMENT&lt;br&gt;AND CAUTION MONEY&lt;br&gt;" style="ellipse;shape=cloud;whiteSpace=wrap;html=1;" vertex="1" parent="1"><mxGeometry x="789.5" y="387" width="230" height="106" as="geometry"/></mxCell><mxCell id="11" value="RESERVATION&lt;br&gt;" style="ellipse;shape=cloud;whiteSpace=wrap;html=1;" vertex="1" parent="1"><mxGeometry x="709.5" y="300" width="160" height="100" as="geometry"/></mxCell><mxCell id="12" value="SERVICE ABORT&lt;br&gt;/ PROLONGATION&lt;br&gt;" style="ellipse;shape=cloud;whiteSpace=wrap;html=1;" vertex="1" parent="1"><mxGeometry x="910" y="685" width="190" height="95" as="geometry"/></mxCell><mxCell id="13" value="CAR RETURN&lt;br&gt;" style="ellipse;shape=cloud;whiteSpace=wrap;html=1;" vertex="1" parent="1"><mxGeometry x="809.5" y="780" width="190" height="95" as="geometry"/></mxCell><mxCell id="14" value="CONDITION CHECK&lt;br&gt;" style="ellipse;shape=cloud;whiteSpace=wrap;html=1;" vertex="1" parent="1"><mxGeometry x="660" y="830" width="181" height="90" as="geometry"/></mxCell><mxCell id="15" value="EXTRA FEE&lt;br&gt;" style="ellipse;shape=cloud;whiteSpace=wrap;html=1;" vertex="1" parent="1"><mxGeometry x="520" y="835" width="140" height="80" as="geometry"/></mxCell><mxCell id="16" value="AFTER RETURN&lt;br&gt;TASKS&lt;br&gt;" style="ellipse;shape=cloud;whiteSpace=wrap;html=1;" vertex="1" parent="1"><mxGeometry x="390" y="770" width="150" height="90" as="geometry"/></mxCell><mxCell id="18" value="" style="curved=1;endArrow=classic;html=1;endSize=12;" edge="1" parent="1"><mxGeometry width="50" height="50" relative="1" as="geometry"><mxPoint x="510" y="660" as="sourcePoint"/><mxPoint x="590" y="740" as="targetPoint"/><Array as="points"><mxPoint x="520" y="480"/><mxPoint x="850" y="490"/><mxPoint x="880" y="780"/></Array></mxGeometry></mxCell></root></mxGraphModel>