<?xml version="1.0" encoding="UTF-8"?>
<mxGraphModel dx="2847" dy="841" grid="1" gridSize="10" guides="1" tooltips="1" connect="1" arrows="1" fold="1" page="1" pageScale="1" pageWidth="1169" pageHeight="827" background="#ffffff" math="0" shadow="0"><root><mxCell id="0"/><mxCell id="1" parent="0"/><mxCell id="21" value="Client" style="swimlane;fontStyle=1;align=center;verticalAlign=top;childLayout=stackLayout;horizontal=1;startSize=26;horizontalStack=0;resizeParent=1;resizeParentMax=0;resizeLast=0;collapsible=1;marginBottom=0;" parent="1" vertex="1"><mxGeometry x="40" y="43" width="210" height="294" as="geometry"/></mxCell><mxCell id="22" value="+ email_address (key): string" style="text;strokeColor=none;fillColor=none;align=left;verticalAlign=top;spacingLeft=4;spacingRight=4;overflow=hidden;rotatable=0;points=[[0,0.5],[1,0.5]];portConstraint=eastwest;" parent="21" vertex="1"><mxGeometry y="26" width="210" height="26" as="geometry"/></mxCell><mxCell id="25" value="+ first_name: string" style="text;strokeColor=none;fillColor=none;align=left;verticalAlign=top;spacingLeft=4;spacingRight=4;overflow=hidden;rotatable=0;points=[[0,0.5],[1,0.5]];portConstraint=eastwest;" parent="21" vertex="1"><mxGeometry y="52" width="210" height="26" as="geometry"/></mxCell><mxCell id="26" value="+ last_name: string" style="text;strokeColor=none;fillColor=none;align=left;verticalAlign=top;spacingLeft=4;spacingRight=4;overflow=hidden;rotatable=0;points=[[0,0.5],[1,0.5]];portConstraint=eastwest;" parent="21" vertex="1"><mxGeometry y="78" width="210" height="26" as="geometry"/></mxCell><mxCell id="27" value="+ street: string" style="text;strokeColor=none;fillColor=none;align=left;verticalAlign=top;spacingLeft=4;spacingRight=4;overflow=hidden;rotatable=0;points=[[0,0.5],[1,0.5]];portConstraint=eastwest;" parent="21" vertex="1"><mxGeometry y="104" width="210" height="26" as="geometry"/></mxCell><mxCell id="29" value="+ zip code (f_key) : int" style="text;strokeColor=none;fillColor=none;align=left;verticalAlign=top;spacingLeft=4;spacingRight=4;overflow=hidden;rotatable=0;points=[[0,0.5],[1,0.5]];portConstraint=eastwest;" parent="21" vertex="1"><mxGeometry y="130" width="210" height="26" as="geometry"/></mxCell><mxCell id="30" value="+ birthday : date" style="text;strokeColor=none;fillColor=none;align=left;verticalAlign=top;spacingLeft=4;spacingRight=4;overflow=hidden;rotatable=0;points=[[0,0.5],[1,0.5]];portConstraint=eastwest;" parent="21" vertex="1"><mxGeometry y="156" width="210" height="26" as="geometry"/></mxCell><mxCell id="150" value="+ sex : string" style="text;strokeColor=none;fillColor=none;align=left;verticalAlign=top;spacingLeft=4;spacingRight=4;overflow=hidden;rotatable=0;points=[[0,0.5],[1,0.5]];portConstraint=eastwest;" parent="21" vertex="1"><mxGeometry y="182" width="210" height="26" as="geometry"/></mxCell><mxCell id="23" value="" style="line;strokeWidth=1;fillColor=none;align=left;verticalAlign=middle;spacingTop=-1;spacingLeft=3;spacingRight=3;rotatable=0;labelPosition=right;points=[];portConstraint=eastwest;" parent="21" vertex="1"><mxGeometry y="208" width="210" height="8" as="geometry"/></mxCell><mxCell id="24" value="+ client_registration()&#10;" style="text;strokeColor=none;fillColor=none;align=left;verticalAlign=top;spacingLeft=4;spacingRight=4;overflow=hidden;rotatable=0;points=[[0,0.5],[1,0.5]];portConstraint=eastwest;" parent="21" vertex="1"><mxGeometry y="216" width="210" height="26" as="geometry"/></mxCell><mxCell id="31" value="+ client_delete()&#10;" style="text;strokeColor=none;fillColor=none;align=left;verticalAlign=top;spacingLeft=4;spacingRight=4;overflow=hidden;rotatable=0;points=[[0,0.5],[1,0.5]];portConstraint=eastwest;" parent="21" vertex="1"><mxGeometry y="242" width="210" height="26" as="geometry"/></mxCell><mxCell id="32" value="+ client_update()&#10;" style="text;strokeColor=none;fillColor=none;align=left;verticalAlign=top;spacingLeft=4;spacingRight=4;overflow=hidden;rotatable=0;points=[[0,0.5],[1,0.5]];portConstraint=eastwest;" parent="21" vertex="1"><mxGeometry y="268" width="210" height="26" as="geometry"/></mxCell><mxCell id="33" value="Client_ID_doc" style="swimlane;fontStyle=1;align=center;verticalAlign=top;childLayout=stackLayout;horizontal=1;startSize=26;horizontalStack=0;resizeParent=1;resizeParentMax=0;resizeLast=0;collapsible=1;marginBottom=0;" parent="1" vertex="1"><mxGeometry x="330" y="43" width="210" height="216" as="geometry"/></mxCell><mxCell id="34" value="+ image_link: street" style="text;strokeColor=none;fillColor=none;align=left;verticalAlign=top;spacingLeft=4;spacingRight=4;overflow=hidden;rotatable=0;points=[[0,0.5],[1,0.5]];portConstraint=eastwest;" parent="33" vertex="1"><mxGeometry y="26" width="210" height="26" as="geometry"/></mxCell><mxCell id="35" value="+ checked: boolean" style="text;strokeColor=none;fillColor=none;align=left;verticalAlign=top;spacingLeft=4;spacingRight=4;overflow=hidden;rotatable=0;points=[[0,0.5],[1,0.5]];portConstraint=eastwest;" parent="33" vertex="1"><mxGeometry y="52" width="210" height="26" as="geometry"/></mxCell><mxCell id="36" value="+ ID_number (key): string" style="text;strokeColor=none;fillColor=none;align=left;verticalAlign=top;spacingLeft=4;spacingRight=4;overflow=hidden;rotatable=0;points=[[0,0.5],[1,0.5]];portConstraint=eastwest;" parent="33" vertex="1"><mxGeometry y="78" width="210" height="26" as="geometry"/></mxCell><mxCell id="88" value="+ e-mail_address (f_key): string" style="text;strokeColor=none;fillColor=none;align=left;verticalAlign=top;spacingLeft=4;spacingRight=4;overflow=hidden;rotatable=0;points=[[0,0.5],[1,0.5]];portConstraint=eastwest;" parent="33" vertex="1"><mxGeometry y="104" width="210" height="26" as="geometry"/></mxCell><mxCell id="41" value="" style="line;strokeWidth=1;fillColor=none;align=left;verticalAlign=middle;spacingTop=-1;spacingLeft=3;spacingRight=3;rotatable=0;labelPosition=right;points=[];portConstraint=eastwest;" parent="33" vertex="1"><mxGeometry y="130" width="210" height="8" as="geometry"/></mxCell><mxCell id="42" value="+ new_ID()&#10;" style="text;strokeColor=none;fillColor=none;align=left;verticalAlign=top;spacingLeft=4;spacingRight=4;overflow=hidden;rotatable=0;points=[[0,0.5],[1,0.5]];portConstraint=eastwest;" parent="33" vertex="1"><mxGeometry y="138" width="210" height="26" as="geometry"/></mxCell><mxCell id="43" value="+ delete_ID()&#10;" style="text;strokeColor=none;fillColor=none;align=left;verticalAlign=top;spacingLeft=4;spacingRight=4;overflow=hidden;rotatable=0;points=[[0,0.5],[1,0.5]];portConstraint=eastwest;" parent="33" vertex="1"><mxGeometry y="164" width="210" height="26" as="geometry"/></mxCell><mxCell id="44" value="+ update_ID()&#10;" style="text;strokeColor=none;fillColor=none;align=left;verticalAlign=top;spacingLeft=4;spacingRight=4;overflow=hidden;rotatable=0;points=[[0,0.5],[1,0.5]];portConstraint=eastwest;" parent="33" vertex="1"><mxGeometry y="190" width="210" height="26" as="geometry"/></mxCell><mxCell id="48" value="Client_dlicense_doc" style="swimlane;fontStyle=1;align=center;verticalAlign=top;childLayout=stackLayout;horizontal=1;startSize=26;horizontalStack=0;resizeParent=1;resizeParentMax=0;resizeLast=0;collapsible=1;marginBottom=0;" parent="1" vertex="1"><mxGeometry x="330" y="285" width="210" height="216" as="geometry"/></mxCell><mxCell id="49" value="+ image_link: string" style="text;strokeColor=none;fillColor=none;align=left;verticalAlign=top;spacingLeft=4;spacingRight=4;overflow=hidden;rotatable=0;points=[[0,0.5],[1,0.5]];portConstraint=eastwest;" parent="48" vertex="1"><mxGeometry y="26" width="210" height="26" as="geometry"/></mxCell><mxCell id="50" value="+ checked: boolean" style="text;strokeColor=none;fillColor=none;align=left;verticalAlign=top;spacingLeft=4;spacingRight=4;overflow=hidden;rotatable=0;points=[[0,0.5],[1,0.5]];portConstraint=eastwest;" parent="48" vertex="1"><mxGeometry y="52" width="210" height="26" as="geometry"/></mxCell><mxCell id="51" value="+ dlicense_number (key): string" style="text;strokeColor=none;fillColor=none;align=left;verticalAlign=top;spacingLeft=4;spacingRight=4;overflow=hidden;rotatable=0;points=[[0,0.5],[1,0.5]];portConstraint=eastwest;" parent="48" vertex="1"><mxGeometry y="78" width="210" height="26" as="geometry"/></mxCell><mxCell id="erdgAePbX1wTUyrDfiZV-179" value="+ client_email_addr (f_key): string" style="text;strokeColor=none;fillColor=none;align=left;verticalAlign=top;spacingLeft=4;spacingRight=4;overflow=hidden;rotatable=0;points=[[0,0.5],[1,0.5]];portConstraint=eastwest;" vertex="1" parent="48"><mxGeometry y="104" width="210" height="26" as="geometry"/></mxCell><mxCell id="52" value="" style="line;strokeWidth=1;fillColor=none;align=left;verticalAlign=middle;spacingTop=-1;spacingLeft=3;spacingRight=3;rotatable=0;labelPosition=right;points=[];portConstraint=eastwest;" parent="48" vertex="1"><mxGeometry y="130" width="210" height="8" as="geometry"/></mxCell><mxCell id="53" value="+ new_ID()&#10;" style="text;strokeColor=none;fillColor=none;align=left;verticalAlign=top;spacingLeft=4;spacingRight=4;overflow=hidden;rotatable=0;points=[[0,0.5],[1,0.5]];portConstraint=eastwest;" parent="48" vertex="1"><mxGeometry y="138" width="210" height="26" as="geometry"/></mxCell><mxCell id="54" value="+ delete_ID()&#10;" style="text;strokeColor=none;fillColor=none;align=left;verticalAlign=top;spacingLeft=4;spacingRight=4;overflow=hidden;rotatable=0;points=[[0,0.5],[1,0.5]];portConstraint=eastwest;" parent="48" vertex="1"><mxGeometry y="164" width="210" height="26" as="geometry"/></mxCell><mxCell id="55" value="+ update_ID()&#10;" style="text;strokeColor=none;fillColor=none;align=left;verticalAlign=top;spacingLeft=4;spacingRight=4;overflow=hidden;rotatable=0;points=[[0,0.5],[1,0.5]];portConstraint=eastwest;" parent="48" vertex="1"><mxGeometry y="190" width="210" height="26" as="geometry"/></mxCell><mxCell id="56" value="Client_credit_card" style="swimlane;fontStyle=1;align=center;verticalAlign=top;childLayout=stackLayout;horizontal=1;startSize=26;horizontalStack=0;resizeParent=1;resizeParentMax=0;resizeLast=0;collapsible=1;marginBottom=0;" parent="1" vertex="1"><mxGeometry x="40" y="437" width="210" height="242" as="geometry"/></mxCell><mxCell id="59" value="+ credit_card_number (key): int" style="text;strokeColor=none;fillColor=none;align=left;verticalAlign=top;spacingLeft=4;spacingRight=4;overflow=hidden;rotatable=0;points=[[0,0.5],[1,0.5]];portConstraint=eastwest;" parent="56" vertex="1"><mxGeometry y="26" width="210" height="26" as="geometry"/></mxCell><mxCell id="64" value="+ CCV: int" style="text;strokeColor=none;fillColor=none;align=left;verticalAlign=top;spacingLeft=4;spacingRight=4;overflow=hidden;rotatable=0;points=[[0,0.5],[1,0.5]];portConstraint=eastwest;" parent="56" vertex="1"><mxGeometry y="52" width="210" height="26" as="geometry"/></mxCell><mxCell id="65" value="+ expiry : date" style="text;strokeColor=none;fillColor=none;align=left;verticalAlign=top;spacingLeft=4;spacingRight=4;overflow=hidden;rotatable=0;points=[[0,0.5],[1,0.5]];portConstraint=eastwest;" parent="56" vertex="1"><mxGeometry y="78" width="210" height="26" as="geometry"/></mxCell><mxCell id="66" value="+ name_on_card : string" style="text;strokeColor=none;fillColor=none;align=left;verticalAlign=top;spacingLeft=4;spacingRight=4;overflow=hidden;rotatable=0;points=[[0,0.5],[1,0.5]];portConstraint=eastwest;" parent="56" vertex="1"><mxGeometry y="104" width="210" height="26" as="geometry"/></mxCell><mxCell id="erdgAePbX1wTUyrDfiZV-180" value="+ client_email (f_key) : string" style="text;strokeColor=none;fillColor=none;align=left;verticalAlign=top;spacingLeft=4;spacingRight=4;overflow=hidden;rotatable=0;points=[[0,0.5],[1,0.5]];portConstraint=eastwest;" vertex="1" parent="56"><mxGeometry y="130" width="210" height="26" as="geometry"/></mxCell><mxCell id="60" value="" style="line;strokeWidth=1;fillColor=none;align=left;verticalAlign=middle;spacingTop=-1;spacingLeft=3;spacingRight=3;rotatable=0;labelPosition=right;points=[];portConstraint=eastwest;" parent="56" vertex="1"><mxGeometry y="156" width="210" height="8" as="geometry"/></mxCell><mxCell id="61" value="+ new_card()&#10;" style="text;strokeColor=none;fillColor=none;align=left;verticalAlign=top;spacingLeft=4;spacingRight=4;overflow=hidden;rotatable=0;points=[[0,0.5],[1,0.5]];portConstraint=eastwest;" parent="56" vertex="1"><mxGeometry y="164" width="210" height="26" as="geometry"/></mxCell><mxCell id="62" value="+ delete_card()&#10;" style="text;strokeColor=none;fillColor=none;align=left;verticalAlign=top;spacingLeft=4;spacingRight=4;overflow=hidden;rotatable=0;points=[[0,0.5],[1,0.5]];portConstraint=eastwest;" parent="56" vertex="1"><mxGeometry y="190" width="210" height="26" as="geometry"/></mxCell><mxCell id="63" value="+ update_card()&#10;" style="text;strokeColor=none;fillColor=none;align=left;verticalAlign=top;spacingLeft=4;spacingRight=4;overflow=hidden;rotatable=0;points=[[0,0.5],[1,0.5]];portConstraint=eastwest;" parent="56" vertex="1"><mxGeometry y="216" width="210" height="26" as="geometry"/></mxCell><mxCell id="67" value="1" style="endArrow=none;html=1;endSize=12;startArrow=diamondThin;startSize=14;startFill=1;align=left;verticalAlign=bottom;endFill=0;jumpStyle=none;" parent="1" edge="1"><mxGeometry x="-1" y="3" relative="1" as="geometry"><mxPoint x="250" y="179.5" as="sourcePoint"/><mxPoint x="330" y="180" as="targetPoint"/></mxGeometry></mxCell><mxCell id="68" value="1..*" style="text;html=1;strokeColor=none;fillColor=none;align=center;verticalAlign=middle;whiteSpace=wrap;rounded=0;" parent="1" vertex="1"><mxGeometry x="295" y="162" width="40" height="20" as="geometry"/></mxCell><mxCell id="71" value="1" style="endArrow=none;html=1;endSize=12;startArrow=diamondThin;startSize=14;startFill=1;align=left;verticalAlign=bottom;endFill=0;jumpStyle=none;" parent="1" edge="1"><mxGeometry x="-1" y="3" relative="1" as="geometry"><mxPoint x="250" y="323.5" as="sourcePoint"/><mxPoint x="330" y="324" as="targetPoint"/></mxGeometry></mxCell><mxCell id="73" value="1..*" style="text;html=1;strokeColor=none;fillColor=none;align=center;verticalAlign=middle;whiteSpace=wrap;rounded=0;" parent="1" vertex="1"><mxGeometry x="294" y="306" width="40" height="20" as="geometry"/></mxCell><mxCell id="74" value="1..*" style="text;html=1;strokeColor=none;fillColor=none;align=center;verticalAlign=middle;whiteSpace=wrap;rounded=0;" parent="1" vertex="1"><mxGeometry x="129" y="417.5" width="40" height="20" as="geometry"/></mxCell><mxCell id="75" value="1" style="endArrow=none;html=1;endSize=12;startArrow=diamondThin;startSize=14;startFill=1;align=left;verticalAlign=bottom;endFill=0;jumpStyle=none;exitX=0.459;exitY=1.026;exitPerimeter=0;entryX=0.454;entryY=0.004;entryPerimeter=0;" parent="1" source="32" target="56" edge="1"><mxGeometry x="-1" y="3" relative="1" as="geometry"><mxPoint x="136.33333333333326" y="337.66666666666674" as="sourcePoint"/><mxPoint x="135" y="439" as="targetPoint"/></mxGeometry></mxCell><mxCell id="76" value="Reservation" style="swimlane;fontStyle=1;align=center;verticalAlign=top;childLayout=stackLayout;horizontal=1;startSize=26;horizontalStack=0;resizeParent=1;resizeParentMax=0;resizeLast=0;collapsible=1;marginBottom=0;" parent="1" vertex="1"><mxGeometry x="630" y="43" width="210" height="294" as="geometry"/></mxCell><mxCell id="77" value="+ reservation_id : int" style="text;strokeColor=none;fillColor=none;align=left;verticalAlign=top;spacingLeft=4;spacingRight=4;overflow=hidden;rotatable=0;points=[[0,0.5],[1,0.5]];portConstraint=eastwest;" parent="76" vertex="1"><mxGeometry y="26" width="210" height="26" as="geometry"/></mxCell><mxCell id="89" value="+ email_address (f_key) : string" style="text;strokeColor=none;fillColor=none;align=left;verticalAlign=top;spacingLeft=4;spacingRight=4;overflow=hidden;rotatable=0;points=[[0,0.5],[1,0.5]];portConstraint=eastwest;" parent="76" vertex="1"><mxGeometry y="52" width="210" height="26" as="geometry"/></mxCell><mxCell id="134" value="+ pick_up_location (f_key) : int" style="text;strokeColor=none;fillColor=none;align=left;verticalAlign=top;spacingLeft=4;spacingRight=4;overflow=hidden;rotatable=0;points=[[0,0.5],[1,0.5]];portConstraint=eastwest;" parent="76" vertex="1"><mxGeometry y="78" width="210" height="26" as="geometry"/></mxCell><mxCell id="135" value="+ return_location (f_key): int" style="text;strokeColor=none;fillColor=none;align=left;verticalAlign=top;spacingLeft=4;spacingRight=4;overflow=hidden;rotatable=0;points=[[0,0.5],[1,0.5]];portConstraint=eastwest;" parent="76" vertex="1"><mxGeometry y="104" width="210" height="26" as="geometry"/></mxCell><mxCell id="176" value="+ pick_up_datetime : datetime" style="text;strokeColor=none;fillColor=none;align=left;verticalAlign=top;spacingLeft=4;spacingRight=4;overflow=hidden;rotatable=0;points=[[0,0.5],[1,0.5]];portConstraint=eastwest;" parent="76" vertex="1"><mxGeometry y="130" width="210" height="26" as="geometry"/></mxCell><mxCell id="178" value="+ return_datetime : datetime" style="text;strokeColor=none;fillColor=none;align=left;verticalAlign=top;spacingLeft=4;spacingRight=4;overflow=hidden;rotatable=0;points=[[0,0.5],[1,0.5]];portConstraint=eastwest;" parent="76" vertex="1"><mxGeometry y="156" width="210" height="26" as="geometry"/></mxCell><mxCell id="erdgAePbX1wTUyrDfiZV-178" value="+ ref_email_address (f_key) : string" style="text;strokeColor=none;fillColor=none;align=left;verticalAlign=top;spacingLeft=4;spacingRight=4;overflow=hidden;rotatable=0;points=[[0,0.5],[1,0.5]];portConstraint=eastwest;" vertex="1" parent="76"><mxGeometry y="182" width="210" height="26" as="geometry"/></mxCell><mxCell id="84" value="" style="line;strokeWidth=1;fillColor=none;align=left;verticalAlign=middle;spacingTop=-1;spacingLeft=3;spacingRight=3;rotatable=0;labelPosition=right;points=[];portConstraint=eastwest;" parent="76" vertex="1"><mxGeometry y="208" width="210" height="8" as="geometry"/></mxCell><mxCell id="85" value="+ new_reservation()&#10;" style="text;strokeColor=none;fillColor=none;align=left;verticalAlign=top;spacingLeft=4;spacingRight=4;overflow=hidden;rotatable=0;points=[[0,0.5],[1,0.5]];portConstraint=eastwest;" parent="76" vertex="1"><mxGeometry y="216" width="210" height="26" as="geometry"/></mxCell><mxCell id="86" value="+ delete_reservation()&#10;" style="text;strokeColor=none;fillColor=none;align=left;verticalAlign=top;spacingLeft=4;spacingRight=4;overflow=hidden;rotatable=0;points=[[0,0.5],[1,0.5]];portConstraint=eastwest;" parent="76" vertex="1"><mxGeometry y="242" width="210" height="26" as="geometry"/></mxCell><mxCell id="87" value="+ update_reservation()&#10;" style="text;strokeColor=none;fillColor=none;align=left;verticalAlign=top;spacingLeft=4;spacingRight=4;overflow=hidden;rotatable=0;points=[[0,0.5],[1,0.5]];portConstraint=eastwest;" parent="76" vertex="1"><mxGeometry y="268" width="210" height="26" as="geometry"/></mxCell><mxCell id="90" value="1" style="endArrow=none;html=1;endSize=12;startArrow=diamondThin;startSize=14;startFill=1;align=left;verticalAlign=bottom;endFill=0;jumpStyle=none;entryX=0.75;entryY=1;" parent="1" target="92" edge="1"><mxGeometry x="-1" y="3" relative="1" as="geometry"><mxPoint x="250" y="271.5" as="sourcePoint"/><mxPoint x="628" y="272" as="targetPoint"/></mxGeometry></mxCell><mxCell id="92" value="1..*" style="text;html=1;strokeColor=none;fillColor=none;align=center;verticalAlign=middle;whiteSpace=wrap;rounded=0;" parent="1" vertex="1"><mxGeometry x="597" y="255" width="40" height="18" as="geometry"/></mxCell><mxCell id="93" value="Car" style="swimlane;fontStyle=1;align=center;verticalAlign=top;childLayout=stackLayout;horizontal=1;startSize=26;horizontalStack=0;resizeParent=1;resizeParentMax=0;resizeLast=0;collapsible=1;marginBottom=0;" parent="1" vertex="1"><mxGeometry x="920" y="43" width="210" height="320" as="geometry"/></mxCell><mxCell id="97" value="+ number_plate (id): string" style="text;strokeColor=none;fillColor=none;align=left;verticalAlign=top;spacingLeft=4;spacingRight=4;overflow=hidden;rotatable=0;points=[[0,0.5],[1,0.5]];portConstraint=eastwest;" parent="93" vertex="1"><mxGeometry y="26" width="210" height="26" as="geometry"/></mxCell><mxCell id="95" value="+ category: int" style="text;strokeColor=none;fillColor=none;align=left;verticalAlign=top;spacingLeft=4;spacingRight=4;overflow=hidden;rotatable=0;points=[[0,0.5],[1,0.5]];portConstraint=eastwest;" parent="93" vertex="1"><mxGeometry y="52" width="210" height="26" as="geometry"/></mxCell><mxCell id="96" value="+ fleet_manager (f_key): int " style="text;strokeColor=none;fillColor=none;align=left;verticalAlign=top;spacingLeft=4;spacingRight=4;overflow=hidden;rotatable=0;points=[[0,0.5],[1,0.5]];portConstraint=eastwest;" parent="93" vertex="1"><mxGeometry y="78" width="210" height="26" as="geometry"/></mxCell><mxCell id="113" value="1" style="endArrow=none;html=1;endSize=12;startArrow=diamondThin;startSize=14;startFill=0;edgeStyle=orthogonalEdgeStyle;align=left;verticalAlign=bottom;entryX=0;entryY=0.5;endFill=0;" parent="93" target="98" edge="1"><mxGeometry x="-1" y="3" relative="1" as="geometry"><mxPoint x="-80" y="117" as="sourcePoint"/><mxPoint x="80" y="143" as="targetPoint"/></mxGeometry></mxCell><mxCell id="98" value="+ car_type (f_key)" style="text;strokeColor=none;fillColor=none;align=left;verticalAlign=top;spacingLeft=4;spacingRight=4;overflow=hidden;rotatable=0;points=[[0,0.5],[1,0.5]];portConstraint=eastwest;" parent="93" vertex="1"><mxGeometry y="104" width="210" height="26" as="geometry"/></mxCell><mxCell id="106" value="+ color : string" style="text;strokeColor=none;fillColor=none;align=left;verticalAlign=top;spacingLeft=4;spacingRight=4;overflow=hidden;rotatable=0;points=[[0,0.5],[1,0.5]];portConstraint=eastwest;" parent="93" vertex="1"><mxGeometry y="130" width="210" height="26" as="geometry"/></mxCell><mxCell id="110" value="+ year_of_production : year" style="text;strokeColor=none;fillColor=none;align=left;verticalAlign=top;spacingLeft=4;spacingRight=4;overflow=hidden;rotatable=0;points=[[0,0.5],[1,0.5]];portConstraint=eastwest;" parent="93" vertex="1"><mxGeometry y="156" width="210" height="26" as="geometry"/></mxCell><mxCell id="108" value="+ available : boolean&#10;" style="text;strokeColor=none;fillColor=none;align=left;verticalAlign=top;spacingLeft=4;spacingRight=4;overflow=hidden;rotatable=0;points=[[0,0.5],[1,0.5]];portConstraint=eastwest;" parent="93" vertex="1"><mxGeometry y="182" width="210" height="26" as="geometry"/></mxCell><mxCell id="109" value="+ reservation_id (f_key): int&#10;" style="text;strokeColor=none;fillColor=none;align=left;verticalAlign=top;spacingLeft=4;spacingRight=4;overflow=hidden;rotatable=0;points=[[0,0.5],[1,0.5]];portConstraint=eastwest;" parent="93" vertex="1"><mxGeometry y="208" width="210" height="26" as="geometry"/></mxCell><mxCell id="102" value="" style="line;strokeWidth=1;fillColor=none;align=left;verticalAlign=middle;spacingTop=-1;spacingLeft=3;spacingRight=3;rotatable=0;labelPosition=right;points=[];portConstraint=eastwest;" parent="93" vertex="1"><mxGeometry y="234" width="210" height="8" as="geometry"/></mxCell><mxCell id="103" value="+ reserve()&#10;" style="text;strokeColor=none;fillColor=none;align=left;verticalAlign=top;spacingLeft=4;spacingRight=4;overflow=hidden;rotatable=0;points=[[0,0.5],[1,0.5]];portConstraint=eastwest;" parent="93" vertex="1"><mxGeometry y="242" width="210" height="26" as="geometry"/></mxCell><mxCell id="104" value="+ clear_reservation()&#10;" style="text;strokeColor=none;fillColor=none;align=left;verticalAlign=top;spacingLeft=4;spacingRight=4;overflow=hidden;rotatable=0;points=[[0,0.5],[1,0.5]];portConstraint=eastwest;" parent="93" vertex="1"><mxGeometry y="268" width="210" height="26" as="geometry"/></mxCell><mxCell id="105" value="+ update_reservation()&#10;" style="text;strokeColor=none;fillColor=none;align=left;verticalAlign=top;spacingLeft=4;spacingRight=4;overflow=hidden;rotatable=0;points=[[0,0.5],[1,0.5]];portConstraint=eastwest;" parent="93" vertex="1"><mxGeometry y="294" width="210" height="26" as="geometry"/></mxCell><mxCell id="114" value="Locations" style="swimlane;fontStyle=1;align=center;verticalAlign=top;childLayout=stackLayout;horizontal=1;startSize=26;horizontalStack=0;resizeParent=1;resizeParentMax=0;resizeLast=0;collapsible=1;marginBottom=0;" parent="1" vertex="1"><mxGeometry x="630" y="528" width="210" height="254" as="geometry"/></mxCell><mxCell id="131" value="+ location_id : int" style="text;strokeColor=none;fillColor=none;align=left;verticalAlign=top;spacingLeft=4;spacingRight=4;overflow=hidden;rotatable=0;points=[[0,0.5],[1,0.5]];portConstraint=eastwest;" parent="114" vertex="1"><mxGeometry y="26" width="210" height="26" as="geometry"/></mxCell><mxCell id="115" value="+ country : string" style="text;strokeColor=none;fillColor=none;align=left;verticalAlign=top;spacingLeft=4;spacingRight=4;overflow=hidden;rotatable=0;points=[[0,0.5],[1,0.5]];portConstraint=eastwest;" parent="114" vertex="1"><mxGeometry y="52" width="210" height="26" as="geometry"/></mxCell><mxCell id="129" value="+ street : string" style="text;strokeColor=none;fillColor=none;align=left;verticalAlign=top;spacingLeft=4;spacingRight=4;overflow=hidden;rotatable=0;points=[[0,0.5],[1,0.5]];portConstraint=eastwest;" parent="114" vertex="1"><mxGeometry y="78" width="210" height="26" as="geometry"/></mxCell><mxCell id="130" value="+ zip (f_key) : int" style="text;strokeColor=none;fillColor=none;align=left;verticalAlign=top;spacingLeft=4;spacingRight=4;overflow=hidden;rotatable=0;points=[[0,0.5],[1,0.5]];portConstraint=eastwest;" parent="114" vertex="1"><mxGeometry y="104" width="210" height="26" as="geometry"/></mxCell><mxCell id="116" value="+ only_for_return : boolean" style="text;strokeColor=none;fillColor=none;align=left;verticalAlign=top;spacingLeft=4;spacingRight=4;overflow=hidden;rotatable=0;points=[[0,0.5],[1,0.5]];portConstraint=eastwest;" parent="114" vertex="1"><mxGeometry y="130" width="210" height="26" as="geometry"/></mxCell><mxCell id="120" value="" style="line;strokeWidth=1;fillColor=none;align=left;verticalAlign=middle;spacingTop=-1;spacingLeft=3;spacingRight=3;rotatable=0;labelPosition=right;points=[];portConstraint=eastwest;" parent="114" vertex="1"><mxGeometry y="156" width="210" height="8" as="geometry"/></mxCell><mxCell id="172" value="+ new_location()&#10;" style="text;strokeColor=none;fillColor=none;align=left;verticalAlign=top;spacingLeft=4;spacingRight=4;overflow=hidden;rotatable=0;points=[[0,0.5],[1,0.5]];portConstraint=eastwest;" parent="114" vertex="1"><mxGeometry y="164" width="210" height="30" as="geometry"/></mxCell><mxCell id="173" value="+ delete_location()&#10;" style="text;strokeColor=none;fillColor=none;align=left;verticalAlign=top;spacingLeft=4;spacingRight=4;overflow=hidden;rotatable=0;points=[[0,0.5],[1,0.5]];portConstraint=eastwest;" parent="114" vertex="1"><mxGeometry y="194" width="210" height="30" as="geometry"/></mxCell><mxCell id="174" value="+ update_location()&#10;" style="text;strokeColor=none;fillColor=none;align=left;verticalAlign=top;spacingLeft=4;spacingRight=4;overflow=hidden;rotatable=0;points=[[0,0.5],[1,0.5]];portConstraint=eastwest;" parent="114" vertex="1"><mxGeometry y="224" width="210" height="30" as="geometry"/></mxCell><mxCell id="137" value="1" style="endArrow=none;html=1;endSize=12;startArrow=diamondThin;startSize=14;startFill=0;align=left;verticalAlign=bottom;endFill=0;exitX=0.376;exitY=1.149;exitPerimeter=0;" parent="1" edge="1" source="87"><mxGeometry x="-0.8998" y="-7" relative="1" as="geometry"><mxPoint x="711" y="480" as="sourcePoint"/><mxPoint x="711" y="530" as="targetPoint"/><mxPoint as="offset"/></mxGeometry></mxCell><mxCell id="138" value="Client_referent" style="swimlane;fontStyle=1;align=center;verticalAlign=top;childLayout=stackLayout;horizontal=1;startSize=26;horizontalStack=0;resizeParent=1;resizeParentMax=0;resizeLast=0;collapsible=1;marginBottom=0;" parent="1" vertex="1"><mxGeometry x="330" y="519" width="210" height="268" as="geometry"/></mxCell><mxCell id="139" value="+ email_address (key): string" style="text;strokeColor=none;fillColor=none;align=left;verticalAlign=top;spacingLeft=4;spacingRight=4;overflow=hidden;rotatable=0;points=[[0,0.5],[1,0.5]];portConstraint=eastwest;" parent="138" vertex="1"><mxGeometry y="26" width="210" height="26" as="geometry"/></mxCell><mxCell id="140" value="+ first_name: string" style="text;strokeColor=none;fillColor=none;align=left;verticalAlign=top;spacingLeft=4;spacingRight=4;overflow=hidden;rotatable=0;points=[[0,0.5],[1,0.5]];portConstraint=eastwest;" parent="138" vertex="1"><mxGeometry y="52" width="210" height="26" as="geometry"/></mxCell><mxCell id="141" value="+ last_name: string" style="text;strokeColor=none;fillColor=none;align=left;verticalAlign=top;spacingLeft=4;spacingRight=4;overflow=hidden;rotatable=0;points=[[0,0.5],[1,0.5]];portConstraint=eastwest;" parent="138" vertex="1"><mxGeometry y="78" width="210" height="26" as="geometry"/></mxCell><mxCell id="142" value="+ street: string" style="text;strokeColor=none;fillColor=none;align=left;verticalAlign=top;spacingLeft=4;spacingRight=4;overflow=hidden;rotatable=0;points=[[0,0.5],[1,0.5]];portConstraint=eastwest;" parent="138" vertex="1"><mxGeometry y="104" width="210" height="26" as="geometry"/></mxCell><mxCell id="144" value="+ zip code (f_key) : int" style="text;strokeColor=none;fillColor=none;align=left;verticalAlign=top;spacingLeft=4;spacingRight=4;overflow=hidden;rotatable=0;points=[[0,0.5],[1,0.5]];portConstraint=eastwest;" parent="138" vertex="1"><mxGeometry y="130" width="210" height="26" as="geometry"/></mxCell><mxCell id="145" value="+ birthday : date" style="text;strokeColor=none;fillColor=none;align=left;verticalAlign=top;spacingLeft=4;spacingRight=4;overflow=hidden;rotatable=0;points=[[0,0.5],[1,0.5]];portConstraint=eastwest;" parent="138" vertex="1"><mxGeometry y="156" width="210" height="26" as="geometry"/></mxCell><mxCell id="146" value="" style="line;strokeWidth=1;fillColor=none;align=left;verticalAlign=middle;spacingTop=-1;spacingLeft=3;spacingRight=3;rotatable=0;labelPosition=right;points=[];portConstraint=eastwest;" parent="138" vertex="1"><mxGeometry y="182" width="210" height="8" as="geometry"/></mxCell><mxCell id="147" value="+ reservation_assign()&#10;" style="text;strokeColor=none;fillColor=none;align=left;verticalAlign=top;spacingLeft=4;spacingRight=4;overflow=hidden;rotatable=0;points=[[0,0.5],[1,0.5]];portConstraint=eastwest;" parent="138" vertex="1"><mxGeometry y="190" width="210" height="26" as="geometry"/></mxCell><mxCell id="148" value="+ reservation_unassign()&#10;" style="text;strokeColor=none;fillColor=none;align=left;verticalAlign=top;spacingLeft=4;spacingRight=4;overflow=hidden;rotatable=0;points=[[0,0.5],[1,0.5]];portConstraint=eastwest;" parent="138" vertex="1"><mxGeometry y="216" width="210" height="26" as="geometry"/></mxCell><mxCell id="149" value="+ referent_update()&#10;" style="text;strokeColor=none;fillColor=none;align=left;verticalAlign=top;spacingLeft=4;spacingRight=4;overflow=hidden;rotatable=0;points=[[0,0.5],[1,0.5]];portConstraint=eastwest;" parent="138" vertex="1"><mxGeometry y="242" width="210" height="26" as="geometry"/></mxCell><mxCell id="167" value="1" style="endArrow=none;html=1;endSize=12;startArrow=diamondThin;startSize=14;startFill=1;align=left;verticalAlign=bottom;endFill=0;jumpStyle=none;edgeStyle=orthogonalEdgeStyle;" parent="1" edge="1"><mxGeometry x="-1" y="3" relative="1" as="geometry"><mxPoint x="540" y="691" as="sourcePoint"/><mxPoint x="630" y="324" as="targetPoint"/><Array as="points"><mxPoint x="570" y="691"/><mxPoint x="570" y="324"/></Array></mxGeometry></mxCell><mxCell id="erdgAePbX1wTUyrDfiZV-183" value="Fleet_manager" style="swimlane;fontStyle=1;align=center;verticalAlign=top;childLayout=stackLayout;horizontal=1;startSize=26;horizontalStack=0;resizeParent=1;resizeParentMax=0;resizeLast=0;collapsible=1;marginBottom=0;" vertex="1" parent="1"><mxGeometry x="910" y="522" width="210" height="228" as="geometry"/></mxCell><mxCell id="erdgAePbX1wTUyrDfiZV-187" value="+ email (id) : string" style="text;strokeColor=none;fillColor=none;align=left;verticalAlign=top;spacingLeft=4;spacingRight=4;overflow=hidden;rotatable=0;points=[[0,0.5],[1,0.5]];portConstraint=eastwest;" vertex="1" parent="erdgAePbX1wTUyrDfiZV-183"><mxGeometry y="26" width="210" height="26" as="geometry"/></mxCell><mxCell id="erdgAePbX1wTUyrDfiZV-185" value="+ name : string" style="text;strokeColor=none;fillColor=none;align=left;verticalAlign=top;spacingLeft=4;spacingRight=4;overflow=hidden;rotatable=0;points=[[0,0.5],[1,0.5]];portConstraint=eastwest;" vertex="1" parent="erdgAePbX1wTUyrDfiZV-183"><mxGeometry y="52" width="210" height="26" as="geometry"/></mxCell><mxCell id="erdgAePbX1wTUyrDfiZV-186" value="+ phone : string" style="text;strokeColor=none;fillColor=none;align=left;verticalAlign=top;spacingLeft=4;spacingRight=4;overflow=hidden;rotatable=0;points=[[0,0.5],[1,0.5]];portConstraint=eastwest;" vertex="1" parent="erdgAePbX1wTUyrDfiZV-183"><mxGeometry y="78" width="210" height="26" as="geometry"/></mxCell><mxCell id="erdgAePbX1wTUyrDfiZV-225" value="+ zip (f_key) : int" style="text;strokeColor=none;fillColor=none;align=left;verticalAlign=top;spacingLeft=4;spacingRight=4;overflow=hidden;rotatable=0;points=[[0,0.5],[1,0.5]];portConstraint=eastwest;" vertex="1" parent="erdgAePbX1wTUyrDfiZV-183"><mxGeometry y="104" width="210" height="26" as="geometry"/></mxCell><mxCell id="erdgAePbX1wTUyrDfiZV-190" value="" style="line;strokeWidth=1;fillColor=none;align=left;verticalAlign=middle;spacingTop=-1;spacingLeft=3;spacingRight=3;rotatable=0;labelPosition=right;points=[];portConstraint=eastwest;" vertex="1" parent="erdgAePbX1wTUyrDfiZV-183"><mxGeometry y="130" width="210" height="8" as="geometry"/></mxCell><mxCell id="erdgAePbX1wTUyrDfiZV-191" value="+ new_location()&#10;" style="text;strokeColor=none;fillColor=none;align=left;verticalAlign=top;spacingLeft=4;spacingRight=4;overflow=hidden;rotatable=0;points=[[0,0.5],[1,0.5]];portConstraint=eastwest;" vertex="1" parent="erdgAePbX1wTUyrDfiZV-183"><mxGeometry y="138" width="210" height="30" as="geometry"/></mxCell><mxCell id="erdgAePbX1wTUyrDfiZV-192" value="+ delete_location()&#10;" style="text;strokeColor=none;fillColor=none;align=left;verticalAlign=top;spacingLeft=4;spacingRight=4;overflow=hidden;rotatable=0;points=[[0,0.5],[1,0.5]];portConstraint=eastwest;" vertex="1" parent="erdgAePbX1wTUyrDfiZV-183"><mxGeometry y="168" width="210" height="30" as="geometry"/></mxCell><mxCell id="erdgAePbX1wTUyrDfiZV-193" value="+ update_location()&#10;" style="text;strokeColor=none;fillColor=none;align=left;verticalAlign=top;spacingLeft=4;spacingRight=4;overflow=hidden;rotatable=0;points=[[0,0.5],[1,0.5]];portConstraint=eastwest;" vertex="1" parent="erdgAePbX1wTUyrDfiZV-183"><mxGeometry y="198" width="210" height="30" as="geometry"/></mxCell><mxCell id="erdgAePbX1wTUyrDfiZV-194" value="1" style="endArrow=none;html=1;endSize=12;startArrow=diamondThin;startSize=14;startFill=0;align=left;verticalAlign=bottom;endFill=0;exitX=0.508;exitY=1.204;exitPerimeter=0;" edge="1" parent="1" source="105"><mxGeometry x="-0.8998" y="-7" relative="1" as="geometry"><mxPoint x="719.0588235294117" y="351.3529411764707" as="sourcePoint"/><mxPoint x="1028" y="520" as="targetPoint"/><mxPoint as="offset"/></mxGeometry></mxCell><mxCell id="erdgAePbX1wTUyrDfiZV-195" value="car_types" style="swimlane;fontStyle=1;align=center;verticalAlign=top;childLayout=stackLayout;horizontal=1;startSize=26;horizontalStack=0;resizeParent=1;resizeParentMax=0;resizeLast=0;collapsible=1;marginBottom=0;" vertex="1" parent="1"><mxGeometry x="1220" y="43" width="210" height="358" as="geometry"/></mxCell><mxCell id="erdgAePbX1wTUyrDfiZV-196" value="+ car_type_id : int" style="text;strokeColor=none;fillColor=none;align=left;verticalAlign=top;spacingLeft=4;spacingRight=4;overflow=hidden;rotatable=0;points=[[0,0.5],[1,0.5]];portConstraint=eastwest;" vertex="1" parent="erdgAePbX1wTUyrDfiZV-195"><mxGeometry y="26" width="210" height="26" as="geometry"/></mxCell><mxCell id="erdgAePbX1wTUyrDfiZV-197" value="+ manufacturer : string" style="text;strokeColor=none;fillColor=none;align=left;verticalAlign=top;spacingLeft=4;spacingRight=4;overflow=hidden;rotatable=0;points=[[0,0.5],[1,0.5]];portConstraint=eastwest;" vertex="1" parent="erdgAePbX1wTUyrDfiZV-195"><mxGeometry y="52" width="210" height="26" as="geometry"/></mxCell><mxCell id="erdgAePbX1wTUyrDfiZV-198" value="+ model : string" style="text;strokeColor=none;fillColor=none;align=left;verticalAlign=top;spacingLeft=4;spacingRight=4;overflow=hidden;rotatable=0;points=[[0,0.5],[1,0.5]];portConstraint=eastwest;" vertex="1" parent="erdgAePbX1wTUyrDfiZV-195"><mxGeometry y="78" width="210" height="26" as="geometry"/></mxCell><mxCell id="erdgAePbX1wTUyrDfiZV-199" value="+ cabrio : boolean" style="text;strokeColor=none;fillColor=none;align=left;verticalAlign=top;spacingLeft=4;spacingRight=4;overflow=hidden;rotatable=0;points=[[0,0.5],[1,0.5]];portConstraint=eastwest;" vertex="1" parent="erdgAePbX1wTUyrDfiZV-195"><mxGeometry y="104" width="210" height="26" as="geometry"/></mxCell><mxCell id="erdgAePbX1wTUyrDfiZV-204" value="+ number_of_doors : int" style="text;strokeColor=none;fillColor=none;align=left;verticalAlign=top;spacingLeft=4;spacingRight=4;overflow=hidden;rotatable=0;points=[[0,0.5],[1,0.5]];portConstraint=eastwest;" vertex="1" parent="erdgAePbX1wTUyrDfiZV-195"><mxGeometry y="130" width="210" height="26" as="geometry"/></mxCell><mxCell id="erdgAePbX1wTUyrDfiZV-205" value="+ number_of_passengers :int" style="text;strokeColor=none;fillColor=none;align=left;verticalAlign=top;spacingLeft=4;spacingRight=4;overflow=hidden;rotatable=0;points=[[0,0.5],[1,0.5]];portConstraint=eastwest;" vertex="1" parent="erdgAePbX1wTUyrDfiZV-195"><mxGeometry y="156" width="210" height="26" as="geometry"/></mxCell><mxCell id="erdgAePbX1wTUyrDfiZV-206" value="+ weight : int" style="text;strokeColor=none;fillColor=none;align=left;verticalAlign=top;spacingLeft=4;spacingRight=4;overflow=hidden;rotatable=0;points=[[0,0.5],[1,0.5]];portConstraint=eastwest;" vertex="1" parent="erdgAePbX1wTUyrDfiZV-195"><mxGeometry y="182" width="210" height="26" as="geometry"/></mxCell><mxCell id="erdgAePbX1wTUyrDfiZV-207" value="+ manual_transmission : boolean" style="text;strokeColor=none;fillColor=none;align=left;verticalAlign=top;spacingLeft=4;spacingRight=4;overflow=hidden;rotatable=0;points=[[0,0.5],[1,0.5]];portConstraint=eastwest;" vertex="1" parent="erdgAePbX1wTUyrDfiZV-195"><mxGeometry y="208" width="210" height="26" as="geometry"/></mxCell><mxCell id="erdgAePbX1wTUyrDfiZV-211" value="+ horsepower : int" style="text;strokeColor=none;fillColor=none;align=left;verticalAlign=top;spacingLeft=4;spacingRight=4;overflow=hidden;rotatable=0;points=[[0,0.5],[1,0.5]];portConstraint=eastwest;" vertex="1" parent="erdgAePbX1wTUyrDfiZV-195"><mxGeometry y="234" width="210" height="26" as="geometry"/></mxCell><mxCell id="erdgAePbX1wTUyrDfiZV-200" value="" style="line;strokeWidth=1;fillColor=none;align=left;verticalAlign=middle;spacingTop=-1;spacingLeft=3;spacingRight=3;rotatable=0;labelPosition=right;points=[];portConstraint=eastwest;" vertex="1" parent="erdgAePbX1wTUyrDfiZV-195"><mxGeometry y="260" width="210" height="8" as="geometry"/></mxCell><mxCell id="erdgAePbX1wTUyrDfiZV-201" value="+ new_location()&#10;" style="text;strokeColor=none;fillColor=none;align=left;verticalAlign=top;spacingLeft=4;spacingRight=4;overflow=hidden;rotatable=0;points=[[0,0.5],[1,0.5]];portConstraint=eastwest;" vertex="1" parent="erdgAePbX1wTUyrDfiZV-195"><mxGeometry y="268" width="210" height="30" as="geometry"/></mxCell><mxCell id="erdgAePbX1wTUyrDfiZV-202" value="+ delete_location()&#10;" style="text;strokeColor=none;fillColor=none;align=left;verticalAlign=top;spacingLeft=4;spacingRight=4;overflow=hidden;rotatable=0;points=[[0,0.5],[1,0.5]];portConstraint=eastwest;" vertex="1" parent="erdgAePbX1wTUyrDfiZV-195"><mxGeometry y="298" width="210" height="30" as="geometry"/></mxCell><mxCell id="erdgAePbX1wTUyrDfiZV-203" value="+ update_location()&#10;" style="text;strokeColor=none;fillColor=none;align=left;verticalAlign=top;spacingLeft=4;spacingRight=4;overflow=hidden;rotatable=0;points=[[0,0.5],[1,0.5]];portConstraint=eastwest;" vertex="1" parent="erdgAePbX1wTUyrDfiZV-195"><mxGeometry y="328" width="210" height="30" as="geometry"/></mxCell><mxCell id="erdgAePbX1wTUyrDfiZV-210" value="1" style="endArrow=none;html=1;endSize=12;startArrow=diamondThin;startSize=14;startFill=0;align=left;verticalAlign=bottom;entryX=0;entryY=0.5;endFill=0;exitX=1;exitY=0.5;" edge="1" parent="1" source="96"><mxGeometry x="-1" y="3" relative="1" as="geometry"><mxPoint x="1140.4999999999995" y="133.5" as="sourcePoint"/><mxPoint x="1220.1470588235293" y="133.67647058823536" as="targetPoint"/></mxGeometry></mxCell><mxCell id="erdgAePbX1wTUyrDfiZV-212" value="cities" style="swimlane;fontStyle=1;align=center;verticalAlign=top;childLayout=stackLayout;horizontal=1;startSize=26;horizontalStack=0;resizeParent=1;resizeParentMax=0;resizeLast=0;collapsible=1;marginBottom=0;" vertex="1" parent="1"><mxGeometry x="-290" y="43" width="210" height="190" as="geometry"/></mxCell><mxCell id="erdgAePbX1wTUyrDfiZV-214" value="+ zip:(id) int" style="text;strokeColor=none;fillColor=none;align=left;verticalAlign=top;spacingLeft=4;spacingRight=4;overflow=hidden;rotatable=0;points=[[0,0.5],[1,0.5]];portConstraint=eastwest;" vertex="1" parent="erdgAePbX1wTUyrDfiZV-212"><mxGeometry y="26" width="210" height="26" as="geometry"/></mxCell><mxCell id="erdgAePbX1wTUyrDfiZV-215" value="+ city : string" style="text;strokeColor=none;fillColor=none;align=left;verticalAlign=top;spacingLeft=4;spacingRight=4;overflow=hidden;rotatable=0;points=[[0,0.5],[1,0.5]];portConstraint=eastwest;" vertex="1" parent="erdgAePbX1wTUyrDfiZV-212"><mxGeometry y="52" width="210" height="26" as="geometry"/></mxCell><mxCell id="erdgAePbX1wTUyrDfiZV-216" value="+ country : string" style="text;strokeColor=none;fillColor=none;align=left;verticalAlign=top;spacingLeft=4;spacingRight=4;overflow=hidden;rotatable=0;points=[[0,0.5],[1,0.5]];portConstraint=eastwest;" vertex="1" parent="erdgAePbX1wTUyrDfiZV-212"><mxGeometry y="78" width="210" height="26" as="geometry"/></mxCell><mxCell id="erdgAePbX1wTUyrDfiZV-218" value="" style="line;strokeWidth=1;fillColor=none;align=left;verticalAlign=middle;spacingTop=-1;spacingLeft=3;spacingRight=3;rotatable=0;labelPosition=right;points=[];portConstraint=eastwest;" vertex="1" parent="erdgAePbX1wTUyrDfiZV-212"><mxGeometry y="104" width="210" height="8" as="geometry"/></mxCell><mxCell id="erdgAePbX1wTUyrDfiZV-219" value="+ new_card()&#10;" style="text;strokeColor=none;fillColor=none;align=left;verticalAlign=top;spacingLeft=4;spacingRight=4;overflow=hidden;rotatable=0;points=[[0,0.5],[1,0.5]];portConstraint=eastwest;" vertex="1" parent="erdgAePbX1wTUyrDfiZV-212"><mxGeometry y="112" width="210" height="26" as="geometry"/></mxCell><mxCell id="erdgAePbX1wTUyrDfiZV-220" value="+ delete_card()&#10;" style="text;strokeColor=none;fillColor=none;align=left;verticalAlign=top;spacingLeft=4;spacingRight=4;overflow=hidden;rotatable=0;points=[[0,0.5],[1,0.5]];portConstraint=eastwest;" vertex="1" parent="erdgAePbX1wTUyrDfiZV-212"><mxGeometry y="138" width="210" height="26" as="geometry"/></mxCell><mxCell id="erdgAePbX1wTUyrDfiZV-221" value="+ update_card()&#10;" style="text;strokeColor=none;fillColor=none;align=left;verticalAlign=top;spacingLeft=4;spacingRight=4;overflow=hidden;rotatable=0;points=[[0,0.5],[1,0.5]];portConstraint=eastwest;" vertex="1" parent="erdgAePbX1wTUyrDfiZV-212"><mxGeometry y="164" width="210" height="26" as="geometry"/></mxCell><mxCell id="erdgAePbX1wTUyrDfiZV-223" value="1" style="endArrow=none;html=1;endSize=12;startArrow=diamondThin;startSize=14;startFill=1;align=left;verticalAlign=bottom;endFill=0;jumpStyle=none;exitX=1;exitY=0.5;" edge="1" parent="1" source="erdgAePbX1wTUyrDfiZV-215"><mxGeometry x="-1" y="3" relative="1" as="geometry"><mxPoint x="-40" y="108" as="sourcePoint"/><mxPoint x="40" y="108.5" as="targetPoint"/></mxGeometry></mxCell><mxCell id="erdgAePbX1wTUyrDfiZV-224" value="1" style="endArrow=none;html=1;endSize=12;startArrow=diamondThin;startSize=14;startFill=1;align=left;verticalAlign=bottom;endFill=0;jumpStyle=none;exitX=0.653;exitY=1.186;exitPerimeter=0;" edge="1" parent="1" source="erdgAePbX1wTUyrDfiZV-221"><mxGeometry x="-1" y="3" relative="1" as="geometry"><mxPoint x="210.0588235294117" y="747.4117647058824" as="sourcePoint"/><mxPoint x="330" y="747.5" as="targetPoint"/><Array as="points"><mxPoint x="-160" y="748"/></Array></mxGeometry></mxCell><mxCell id="erdgAePbX1wTUyrDfiZV-226" value="1" style="endArrow=none;html=1;endSize=12;startArrow=diamondThin;startSize=14;startFill=1;align=left;verticalAlign=bottom;endFill=0;jumpStyle=none;exitX=0.25;exitY=1.14;exitPerimeter=0;" edge="1" parent="1" source="erdgAePbX1wTUyrDfiZV-221"><mxGeometry x="-1" y="3" relative="1" as="geometry"><mxPoint x="-237.88235294117658" y="259.82352941176464" as="sourcePoint"/><mxPoint x="730" y="784" as="targetPoint"/><Array as="points"><mxPoint x="-238" y="810"/><mxPoint x="730" y="810"/></Array></mxGeometry></mxCell><mxCell id="erdgAePbX1wTUyrDfiZV-227" value="1" style="endArrow=none;html=1;endSize=12;startArrow=diamondThin;startSize=14;startFill=1;align=left;verticalAlign=bottom;endFill=0;jumpStyle=none;exitX=0.082;exitY=1.231;exitPerimeter=0;entryX=0.659;entryY=1.1;entryPerimeter=0;" edge="1" parent="1" source="erdgAePbX1wTUyrDfiZV-221" target="erdgAePbX1wTUyrDfiZV-193"><mxGeometry x="-1" y="3" relative="1" as="geometry"><mxPoint x="-289.58823529411757" y="310.1470588235295" as="sourcePoint"/><mxPoint x="678" y="857.5" as="targetPoint"/><Array as="points"><mxPoint x="-273" y="884"/><mxPoint x="1050" y="884"/></Array></mxGeometry></mxCell></root></mxGraphModel>